cohort_month,cohort_index,retention_rate,retention_pct
2011-01,0,1.0,100.0
2011-02,0,1.0,100.0
2011-03,0,1.0,100.0
2011-04,0,1.0,100.0
2011-05,0,1.0,100.0
2011-06,0,1.0,100.0
2011-07,0,1.0,100.0
2011-08,0,1.0,100.0
2011-09,0,1.0,100.0
2011-10,0,1.0,100.0
2011-11,0,1.0,100.0
2011-12,0,1.0,100.0
2012-01,0,1.0,100.0
2012-02,0,1.0,100.0
2012-03,0,1.0,100.0
2012-04,0,1.0,100.0
2012-05,0,1.0,100.0
2012-06,0,1.0,100.0
2012-07,0,1.0,100.0
2012-08,0,1.0,100.0
2012-09,0,1.0,100.0
2012-10,0,1.0,100.0
2012-11,0,1.0,100.0
2012-12,0,1.0,100.0
2013-01,0,1.0,100.0
2013-02,0,1.0,100.0
2013-03,0,1.0,100.0
2013-04,0,1.0,100.0
2013-05,0,1.0,100.0
2013-06,0,1.0,100.0
2013-07,0,1.0,100.0
2013-08,0,1.0,100.0
2013-09,0,1.0,100.0
2013-10,0,1.0,100.0
2013-11,0,1.0,100.0
2013-12,0,1.0,100.0
2014-01,0,1.0,100.0
2014-02,0,1.0,100.0
2014-03,0,1.0,100.0
2014-04,0,1.0,100.0
2014-05,0,1.0,100.0
2014-06,0,1.0,100.0
2014-07,0,1.0,100.0
2014-08,0,1.0,100.0
2014-09,0,1.0,100.0
2014-10,0,1.0,100.0
2014-11,0,1.0,100.0
2014-12,0,1.0,100.0
2011-01,1,0.0431,4.31
2011-02,1,0.0651,6.51
2011-03,1,0.0648,6.48
2011-04,1,0.0711,7.11
2011-05,1,0.0693,6.93
2011-06,1,0.0548,5.48
2011-07,1,0.1226,12.26
2011-08,1,0.1135,11.35
2011-09,1,0.0973,9.73
2011-10,1,0.0892,8.92
2011-11,1,0.1275,12.75
2011-12,1,0.0608,6.08
2012-01,1,0.03,3.0
2012-02,1,0.0133,1.33
2012-03,1,0.0762,7.62
2012-04,1,0.0632,6.32
2012-05,1,0.1078,10.78
2012-06,1,0.0784,7.84
2012-07,1,0.0615,6.15
2012-08,1,0.1532,15.32
2012-09,1,0.0517,5.17
2012-10,1,0.1757,17.57
2012-11,1,0.0532,5.32
2012-12,1,0.058,5.8
2013-01,1,0.0833,8.33
2013-02,1,0.0714,7.14
2013-03,1,0.0426,4.26
2013-04,1,0.1509,15.09
2013-05,1,0.1,10.0
2013-06,1,0.0833,8.33
2013-07,1,0.1154,11.54
2013-08,1,0.0781,7.81
2013-09,1,0.125,12.5
2013-10,1,0.0455,4.55
2013-11,1,0.0698,6.98
2013-12,1,0.098,9.8
2014-01,1,0.05,5.0
2014-02,1,0.0588,5.88
2014-03,1,0.1667,16.67
2014-04,1,0.1304,13.04
2014-05,1,0.1429,14.29
2014-06,1,0.0333,3.33
2014-07,1,,
2014-08,1,0.0417,4.17
2014-09,1,0.0417,4.17
2014-10,1,0.0833,8.33
2014-11,1,0.125,12.5
2014-12,1,,
2011-01,2,0.0478,4.78
2011-02,2,0.0414,4.14
2011-03,2,0.0648,6.48
2011-04,2,0.0844,8.44
2011-05,2,0.039,3.9
2011-06,2,0.072,7.2
2011-07,2,0.1032,10.32
2011-08,2,0.0674,6.74
2011-09,2,0.1242,12.42
2011-10,2,0.1315,13.15
2011-11,2,0.0598,5.98
2011-12,2,0.0494,4.94
2012-01,2,0.08,8.0
2012-02,2,0.0533,5.33
2012-03,2,0.0667,6.67
2012-04,2,0.0842,8.42
2012-05,2,0.049,4.9
2012-06,2,0.0784,7.84
2012-07,2,0.1538,15.38
2012-08,2,0.0726,7.26
2012-09,2,0.181,18.1
2012-10,2,0.1757,17.57
2012-11,2,0.0745,7.45
2012-12,2,0.0435,4.35
2013-01,2,0.0333,3.33
2013-02,2,0.0476,4.76
2013-03,2,0.1489,14.89
2013-04,2,0.1321,13.21
2013-05,2,0.1,10.0
2013-06,2,0.1167,11.67
2013-07,2,0.1538,15.38
2013-08,2,0.0469,4.69
2013-09,2,0.1042,10.42
2013-10,2,0.1818,18.18
2013-11,2,0.0698,6.98
2013-12,2,0.1176,11.76
2014-01,2,0.05,5.0
2014-02,2,,
2014-03,2,0.0556,5.56
2014-04,2,0.1304,13.04
2014-05,2,0.0476,4.76
2014-06,2,0.1667,16.67
2014-07,2,,
2014-08,2,0.0417,4.17
2014-09,2,0.125,12.5
2014-10,2,0.0833,8.33
2014-11,2,,
2014-12,2,,
2011-01,3,0.0526,5.26
2011-02,3,0.0533,5.33
2011-03,3,0.1134,11.34
2011-04,3,0.0756,7.56
2011-05,3,0.1039,10.39
2011-06,3,0.1066,10.66
2011-07,3,0.0452,4.52
2011-08,3,0.1028,10.28
2011-09,3,0.094,9.4
2011-10,3,0.0516,5.16
2011-11,3,0.0558,5.58
2011-12,3,0.0798,7.98
2012-01,3,0.04,4.0
2012-02,3,0.08,8.0
2012-03,3,0.1619,16.19
2012-04,3,0.0421,4.21
2012-05,3,0.1471,14.71
2012-06,3,0.1307,13.07
2012-07,3,0.1077,10.77
2012-08,3,0.1048,10.48
2012-09,3,0.1121,11.21
2012-10,3,0.0405,4.05
2012-11,3,0.0319,3.19
2012-12,3,0.1159,11.59
2013-01,3,0.1,10.0
2013-02,3,0.0714,7.14
2013-03,3,0.0426,4.26
2013-04,3,0.0755,7.55
2013-05,3,0.14,14.0
2013-06,3,0.1167,11.67
2013-07,3,0.1154,11.54
2013-08,3,0.1094,10.94
2013-09,3,0.125,12.5
2013-10,3,0.0909,9.09
2013-11,3,,
2013-12,3,0.0784,7.84
2014-01,3,,
2014-02,3,0.1176,11.76
2014-03,3,0.1111,11.11
2014-04,3,0.087,8.7
2014-05,3,0.1429,14.29
2014-06,3,0.1,10.0
2014-07,3,0.0526,5.26
2014-08,3,0.0833,8.33
2014-09,3,0.125,12.5
2014-10,3,,
2014-11,3,,
2014-12,3,,
2011-01,4,0.0718,7.18
2011-02,4,0.071,7.1
2011-03,4,0.0688,6.88
2011-04,4,0.0533,5.33
2011-05,4,0.0996,9.96
2011-06,4,0.0778,7.78
2011-07,4,0.1226,12.26
2011-08,4,0.0922,9.22
2011-09,4,0.0369,3.69
2011-10,4,0.0516,5.16
2011-11,4,0.0757,7.57
2011-12,4,0.0456,4.56
2012-01,4,0.05,5.0
2012-02,4,0.0667,6.67
2012-03,4,0.0952,9.52
2012-04,4,0.0842,8.42
2012-05,4,0.098,9.8
2012-06,4,0.0915,9.15
2012-07,4,0.1846,18.46
2012-08,4,0.0968,9.68
2012-09,4,0.1034,10.34
2012-10,4,0.0541,5.41
2012-11,4,0.0426,4.26
2012-12,4,0.058,5.8
2013-01,4,0.05,5.0
2013-02,4,0.1667,16.67
2013-03,4,0.0851,8.51
2013-04,4,0.1132,11.32
2013-05,4,0.1,10.0
2013-06,4,0.0667,6.67
2013-07,4,0.0769,7.69
2013-08,4,0.0781,7.81
2013-09,4,0.0417,4.17
2013-10,4,0.0455,4.55
2013-11,4,0.0698,6.98
2013-12,4,0.0784,7.84
2014-01,4,0.05,5.0
2014-02,4,,
2014-03,4,0.0556,5.56
2014-04,4,0.0435,4.35
2014-05,4,0.0476,4.76
2014-06,4,0.1,10.0
2014-07,4,0.1579,15.79
2014-08,4,0.1667,16.67
2014-09,4,,
2014-10,4,,
2014-11,4,,
2014-12,4,,
2011-01,5,0.0813,8.13
2011-02,5,0.0828,8.28
2011-03,5,0.0688,6.88
2011-04,5,0.0889,8.89
2011-05,5,0.0779,7.79
2011-06,5,0.1239,12.39
2011-07,5,0.1161,11.61
2011-08,5,0.039,3.9
2011-09,5,0.0436,4.36
2011-10,5,0.1127,11.27
2011-11,5,0.0717,7.17
2011-12,5,0.0684,6.84
2012-01,5,0.18,18.0
2012-02,5,0.0933,9.33
2012-03,5,0.1048,10.48
2012-04,5,0.1474,14.74
2012-05,5,0.0588,5.88
2012-06,5,0.1242,12.42
2012-07,5,0.1692,16.92
2012-08,5,0.0565,5.65
2012-09,5,0.0603,6.03
2012-10,5,0.0405,4.05
2012-11,5,0.0957,9.57
2012-12,5,0.058,5.8
2013-01,5,0.1167,11.67
2013-02,5,0.0714,7.14
2013-03,5,0.0851,8.51
2013-04,5,0.1887,18.87
2013-05,5,0.14,14.0
2013-06,5,0.05,5.0
2013-07,5,0.1538,15.38
2013-08,5,0.1562,15.62
2013-09,5,0.1042,10.42
2013-10,5,0.1364,13.64
2013-11,5,0.0465,4.65
2013-12,5,0.0392,3.92
2014-01,5,0.1,10.0
2014-02,5,,
2014-03,5,0.2222,22.22
2014-04,5,0.0435,4.35
2014-05,5,0.0476,4.76
2014-06,5,0.1,10.0
2014-07,5,0.2105,21.05
2014-08,5,,
2014-09,5,,
2014-10,5,,
2014-11,5,,
2014-12,5,,
2011-01,6,0.067,6.7
2011-02,6,0.0651,6.51
2011-03,6,0.0972,9.72
2011-04,6,0.0667,6.67
2011-05,6,0.1645,16.45
2011-06,6,0.1354,13.54
2011-07,6,0.0839,8.39
2011-08,6,0.0638,6.38
2011-09,6,0.0705,7.05
2011-10,6,0.0751,7.51
2011-11,6,0.0797,7.97
2011-12,6,0.1027,10.27
2012-01,6,0.06,6.0
2012-02,6,0.16,16.0
2012-03,6,0.1619,16.19
2012-04,6,0.0947,9.47
2012-05,6,0.1471,14.71
2012-06,6,0.1438,14.38
2012-07,6,0.0308,3.08
2012-08,6,0.0806,8.06
2012-09,6,0.0948,9.48
2012-10,6,0.1081,10.81
2012-11,6,0.0638,6.38
2012-12,6,0.058,5.8
2013-01,6,0.0667,6.67
2013-02,6,0.1905,19.05
2013-03,6,0.1702,17.02
2013-04,6,0.0566,5.66
2013-05,6,0.06,6.0
2013-06,6,0.1167,11.67
2013-07,6,0.1538,15.38
2013-08,6,0.0781,7.81
2013-09,6,0.0417,4.17
2013-10,6,0.0909,9.09
2013-11,6,0.1163,11.63
2013-12,6,0.1765,17.65
2014-01,6,0.1,10.0
2014-02,6,0.1176,11.76
2014-03,6,0.1111,11.11
2014-04,6,,
2014-05,6,0.0476,4.76
2014-06,6,0.2,20.0
2014-07,6,,
2014-08,6,,
2014-09,6,,
2014-10,6,,
2014-11,6,,
2014-12,6,,
2011-01,7,0.1005,10.05
2011-02,7,0.1124,11.24
2011-03,7,0.085,8.5
2011-04,7,0.12,12.0
2011-05,7,0.1558,15.58
2011-06,7,0.0432,4.32
2011-07,7,0.0194,1.94
2011-08,7,0.0355,3.55
2011-09,7,0.0705,7.05
2011-10,7,0.0845,8.45
2011-11,7,0.1195,11.95
2011-12,7,0.0913,9.13
2012-01,7,0.08,8.0
2012-02,7,0.1067,10.67
2012-03,7,0.0857,8.57
2012-04,7,0.1579,15.79
2012-05,7,0.098,9.8
2012-06,7,0.0458,4.58
2012-07,7,0.0615,6.15
2012-08,7,0.0726,7.26
2012-09,7,0.0948,9.48
2012-10,7,0.0676,6.76
2012-11,7,0.1064,10.64
2012-12,7,0.087,8.7
2013-01,7,0.1,10.0
2013-02,7,0.0476,4.76
2013-03,7,0.1064,10.64
2013-04,7,0.1321,13.21
2013-05,7,0.14,14.0
2013-06,7,0.1,10.0
2013-07,7,0.1154,11.54
2013-08,7,0.0781,7.81
2013-09,7,0.125,12.5
2013-10,7,,
2013-11,7,0.0698,6.98
2013-12,7,0.098,9.8
2014-01,7,0.15,15.0
2014-02,7,,
2014-03,7,0.0556,5.56
2014-04,7,0.1304,13.04
2014-05,7,0.1429,14.29
2014-06,7,,
2014-07,7,,
2014-08,7,,
2014-09,7,,
2014-10,7,,
2014-11,7,,
2014-12,7,,
2011-01,8,0.1244,12.44
2011-02,8,0.0947,9.47
2011-03,8,0.1053,10.53
2011-04,8,0.1067,10.67
2011-05,8,0.0649,6.49
2011-06,8,0.0692,6.92
2011-07,8,0.1032,10.32
2011-08,8,0.0816,8.16
2011-09,8,0.094,9.4
2011-10,8,0.108,10.8
2011-11,8,0.0398,3.98
2011-12,8,0.1065,10.65
2012-01,8,0.08,8.0
2012-02,8,0.0533,5.33
2012-03,8,0.1048,10.48
2012-04,8,0.1158,11.58
2012-05,8,0.049,4.9
2012-06,8,0.0654,6.54
2012-07,8,0.0615,6.15
2012-08,8,0.0242,2.42
2012-09,8,0.0517,5.17
2012-10,8,0.1351,13.51
2012-11,8,0.0638,6.38
2012-12,8,0.1884,18.84
2013-01,8,0.1167,11.67
2013-02,8,0.119,11.9
2013-03,8,0.1489,14.89
2013-04,8,0.0377,3.77
2013-05,8,0.12,12.0
2013-06,8,0.05,5.0
2013-07,8,0.1154,11.54
2013-08,8,0.1094,10.94
2013-09,8,0.125,12.5
2013-10,8,0.2727,27.27
2013-11,8,0.1163,11.63
2013-12,8,0.1569,15.69
2014-01,8,0.05,5.0
2014-02,8,0.1176,11.76
2014-03,8,0.1111,11.11
2014-04,8,0.1304,13.04
2014-05,8,,
2014-06,8,,
2014-07,8,,
2014-08,8,,
2014-09,8,,
2014-10,8,,
2014-11,8,,
2014-12,8,,
2011-01,9,0.067,6.7
2011-02,9,0.1006,10.06
2011-03,9,0.1093,10.93
2011-04,9,0.04,4.0
2011-05,9,0.0476,4.76
2011-06,9,0.0692,6.92
2011-07,9,0.071,7.1
2011-08,9,0.0887,8.87
2011-09,9,0.1141,11.41
2011-10,9,0.0469,4.69
2011-11,9,0.1315,13.15
2011-12,9,0.1179,11.79
2012-01,9,0.08,8.0
2012-02,9,0.1333,13.33
2012-03,9,0.1238,12.38
2012-04,9,0.0737,7.37
2012-05,9,0.0588,5.88
2012-06,9,0.0784,7.84
2012-07,9,0.0308,3.08
2012-08,9,0.0565,5.65
2012-09,9,0.1724,17.24
2012-10,9,0.0811,8.11
2012-11,9,0.0851,8.51
2012-12,9,0.087,8.7
2013-01,9,0.0333,3.33
2013-02,9,0.119,11.9
2013-03,9,0.2128,21.28
2013-04,9,0.1509,15.09
2013-05,9,0.08,8.0
2013-06,9,0.1167,11.67
2013-07,9,0.1538,15.38
2013-08,9,0.0938,9.38
2013-09,9,0.125,12.5
2013-10,9,0.0909,9.09
2013-11,9,0.0698,6.98
2013-12,9,0.1373,13.73
2014-01,9,0.1,10.0
2014-02,9,,
2014-03,9,0.0556,5.56
2014-04,9,,
2014-05,9,,
2014-06,9,,
2014-07,9,,
2014-08,9,,
2014-09,9,,
2014-10,9,,
2014-11,9,,
2014-12,9,,
2011-01,10,0.1388,13.88
2011-02,10,0.1302,13.02
2011-03,10,0.0445,4.45
2011-04,10,0.0444,4.44
2011-05,10,0.0519,5.19
2011-06,10,0.0778,7.78
2011-07,10,0.129,12.9
2011-08,10,0.1099,10.99
2011-09,10,0.0805,8.05
2011-10,10,0.1033,10.33
2011-11,10,0.1554,15.54
2011-12,10,0.1179,11.79
2012-01,10,0.14,14.0
2012-02,10,0.08,8.0
2012-03,10,0.1143,11.43
2012-04,10,0.0842,8.42
2012-05,10,0.0882,8.82
2012-06,10,0.0654,6.54
2012-07,10,0.1077,10.77
2012-08,10,0.1532,15.32
2012-09,10,0.0431,4.31
2012-10,10,0.0405,4.05
2012-11,10,0.1064,10.64
2012-12,10,0.1304,13.04
2013-01,10,0.1333,13.33
2013-02,10,0.0952,9.52
2013-03,10,0.1064,10.64
2013-04,10,,
2013-05,10,0.1,10.0
2013-06,10,0.0833,8.33
2013-07,10,0.0385,3.85
2013-08,10,0.1562,15.62
2013-09,10,0.1875,18.75
2013-10,10,0.2273,22.73
2013-11,10,0.0465,4.65
2013-12,10,0.1176,11.76
2014-01,10,0.15,15.0
2014-02,10,,
2014-03,10,,
2014-04,10,,
2014-05,10,,
2014-06,10,,
2014-07,10,,
2014-08,10,,
2014-09,10,,
2014-10,10,,
2014-11,10,,
2014-12,10,,
2011-01,11,0.1483,14.83
2011-02,11,0.0651,6.51
2011-03,11,0.0486,4.86
2011-04,11,0.0978,9.78
2011-05,11,0.0866,8.66
2011-06,11,0.0663,6.63
2011-07,11,0.1613,16.13
2011-08,11,0.0816,8.16
2011-09,11,0.1074,10.74
2011-10,11,0.1315,13.15
2011-11,11,0.1235,12.35
2011-12,11,0.1103,11.03
2012-01,11,0.08,8.0
2012-02,11,0.1067,10.67
2012-03,11,0.0381,3.81
2012-04,11,0.0947,9.47
2012-05,11,0.098,9.8
2012-06,11,0.0719,7.19
2012-07,11,0.0923,9.23
2012-08,11,0.0565,5.65
2012-09,11,0.1983,19.83
2012-10,11,0.2027,20.27
2012-11,11,0.117,11.7
2012-12,11,0.1159,11.59
2013-01,11,0.0833,8.33
2013-02,11,0.0476,4.76
2013-03,11,0.0638,6.38
2013-04,11,0.1321,13.21
2013-05,11,0.08,8.0
2013-06,11,0.05,5.0
2013-07,11,0.1154,11.54
2013-08,11,0.0469,4.69
2013-09,11,0.125,12.5
2013-10,11,0.1818,18.18
2013-11,11,0.0698,6.98
2013-12,11,0.1765,17.65
2014-01,11,0.15,15.0
2014-02,11,,
2014-03,11,,
2014-04,11,,
2014-05,11,,
2014-06,11,,
2014-07,11,,
2014-08,11,,
2014-09,11,,
2014-10,11,,
2014-11,11,,
2014-12,11,,
2011-01,12,0.0622,6.22
2011-02,12,0.0473,4.73
2011-03,12,0.0972,9.72
2011-04,12,0.0711,7.11
2011-05,12,0.1169,11.69
2011-06,12,0.121,12.1
2011-07,12,0.0968,9.68
2011-08,12,0.0957,9.57
2011-09,12,0.104,10.4
2011-10,12,0.1221,12.21
2011-11,12,0.1155,11.55
2011-12,12,0.1255,12.55
2012-01,12,0.05,5.0
2012-02,12,0.0533,5.33
2012-03,12,0.0381,3.81
2012-04,12,0.0632,6.32
2012-05,12,0.0588,5.88
2012-06,12,0.1307,13.07
2012-07,12,0.0615,6.15
2012-08,12,0.1129,11.29
2012-09,12,0.1638,16.38
2012-10,12,0.1216,12.16
2012-11,12,0.0851,8.51
2012-12,12,0.1014,10.14
2013-01,12,0.0667,6.67
2013-02,12,0.0952,9.52
2013-03,12,0.0213,2.13
2013-04,12,0.0566,5.66
2013-05,12,0.1,10.0
2013-06,12,0.0833,8.33
2013-07,12,,
2013-08,12,0.0781,7.81
2013-09,12,0.0833,8.33
2013-10,12,0.1818,18.18
2013-11,12,0.2093,20.93
2013-12,12,0.0784,7.84
2014-01,12,,
2014-02,12,,
2014-03,12,,
2014-04,12,,
2014-05,12,,
2014-06,12,,
2014-07,12,,
2014-08,12,,
2014-09,12,,
2014-10,12,,
2014-11,12,,
2014-12,12,,
2011-01,13,0.0431,4.31
2011-02,13,0.0414,4.14
2011-03,13,0.0648,6.48
2011-04,13,0.0978,9.78
2011-05,13,0.1039,10.39
2011-06,13,0.0663,6.63
2011-07,13,0.1032,10.32
2011-08,13,0.1348,13.48
2011-09,13,0.1174,11.74
2011-10,13,0.1549,15.49
2011-11,13,0.1554,15.54
2011-12,13,0.057,5.7
2012-01,13,0.04,4.0
2012-02,13,0.0933,9.33
2012-03,13,0.0952,9.52
2012-04,13,0.1053,10.53
2012-05,13,0.1176,11.76
2012-06,13,0.0915,9.15
2012-07,13,0.0769,7.69
2012-08,13,0.1613,16.13
2012-09,13,0.1034,10.34
2012-10,13,0.1486,14.86
2012-11,13,0.1702,17.02
2012-12,13,0.0725,7.25
2013-01,13,0.1,10.0
2013-02,13,0.0714,7.14
2013-03,13,0.0851,8.51
2013-04,13,0.1132,11.32
2013-05,13,0.1,10.0
2013-06,13,0.0667,6.67
2013-07,13,0.1538,15.38
2013-08,13,0.125,12.5
2013-09,13,0.1667,16.67
2013-10,13,0.0909,9.09
2013-11,13,0.186,18.6
2013-12,13,,
2014-01,13,,
2014-02,13,,
2014-03,13,,
2014-04,13,,
2014-05,13,,
2014-06,13,,
2014-07,13,,
2014-08,13,,
2014-09,13,,
2014-10,13,,
2014-11,13,,
2014-12,13,,
2011-01,14,0.0526,5.26
2011-02,14,0.0414,4.14
2011-03,14,0.0891,8.91
2011-04,14,0.0933,9.33
2011-05,14,0.0476,4.76
2011-06,14,0.0922,9.22
2011-07,14,0.1032,10.32
2011-08,14,0.0957,9.57
2011-09,14,0.151,15.1
2011-10,14,0.1315,13.15
2011-11,14,0.0717,7.17
2011-12,14,0.0494,4.94
2012-01,14,0.07,7.0
2012-02,14,0.0533,5.33
2012-03,14,0.1238,12.38
2012-04,14,0.2105,21.05
2012-05,14,0.0588,5.88
2012-06,14,0.1242,12.42
2012-07,14,0.1231,12.31
2012-08,14,0.0968,9.68
2012-09,14,0.1638,16.38
2012-10,14,0.1486,14.86
2012-11,14,0.0851,8.51
2012-12,14,0.058,5.8
2013-01,14,0.1333,13.33
2013-02,14,0.0476,4.76
2013-03,14,0.1489,14.89
2013-04,14,0.0943,9.43
2013-05,14,0.1,10.0
2013-06,14,0.1667,16.67
2013-07,14,,
2013-08,14,0.0938,9.38
2013-09,14,0.125,12.5
2013-10,14,0.0909,9.09
2013-11,14,,
2013-12,14,,
2014-01,14,,
2014-02,14,,
2014-03,14,,
2014-04,14,,
2014-05,14,,
2014-06,14,,
2014-07,14,,
2014-08,14,,
2014-09,14,,
2014-10,14,,
2014-11,14,,
2014-12,14,,
2011-01,15,0.0574,5.74
2011-02,15,0.0947,9.47
2011-03,15,0.0931,9.31
2011-04,15,0.0889,8.89
2011-05,15,0.0823,8.23
2011-06,15,0.147,14.7
2011-07,15,0.0968,9.68
2011-08,15,0.1206,12.06
2011-09,15,0.1577,15.77
2011-10,15,0.0751,7.51
2011-11,15,0.0637,6.37
2011-12,15,0.076,7.6
2012-01,15,0.05,5.0
2012-02,15,0.04,4.0
2012-03,15,0.1143,11.43
2012-04,15,0.0842,8.42
2012-05,15,0.1961,19.61
2012-06,15,0.1373,13.73
2012-07,15,0.1077,10.77
2012-08,15,0.1774,17.74
2012-09,15,0.1034,10.34
2012-10,15,0.1351,13.51
2012-11,15,0.0532,5.32
2012-12,15,0.087,8.7
2013-01,15,0.1167,11.67
2013-02,15,0.119,11.9
2013-03,15,0.2128,21.28
2013-04,15,0.1132,11.32
2013-05,15,0.02,2.0
2013-06,15,0.1667,16.67
2013-07,15,0.0385,3.85
2013-08,15,0.1094,10.94
2013-09,15,0.1667,16.67
2013-10,15,,
2013-11,15,,
2013-12,15,,
2014-01,15,,
2014-02,15,,
2014-03,15,,
2014-04,15,,
2014-05,15,,
2014-06,15,,
2014-07,15,,
2014-08,15,,
2014-09,15,,
2014-10,15,,
2014-11,15,,
2014-12,15,,
2011-01,16,0.0766,7.66
2011-02,16,0.1183,11.83
2011-03,16,0.0526,5.26
2011-04,16,0.0933,9.33
2011-05,16,0.1558,15.58
2011-06,16,0.1037,10.37
2011-07,16,0.1677,16.77
2011-08,16,0.1277,12.77
2011-09,16,0.0671,6.71
2011-10,16,0.0751,7.51
2011-11,16,0.0478,4.78
2011-12,16,0.0875,8.75
2012-01,16,0.06,6.0
2012-02,16,0.1067,10.67
2012-03,16,0.1238,12.38
2012-04,16,0.1053,10.53
2012-05,16,0.1765,17.65
2012-06,16,0.1111,11.11
2012-07,16,0.1231,12.31
2012-08,16,0.1613,16.13
2012-09,16,0.0776,7.76
2012-10,16,0.027,2.7
2012-11,16,0.1064,10.64
2012-12,16,0.029,2.9
2013-01,16,0.1833,18.33
2013-02,16,0.119,11.9
2013-03,16,0.0638,6.38
2013-04,16,0.1887,18.87
2013-05,16,0.2,20.0
2013-06,16,0.1167,11.67
2013-07,16,0.1154,11.54
2013-08,16,0.2656,26.56
2013-09,16,,
2013-10,16,,
2013-11,16,,
2013-12,16,,
2014-01,16,,
2014-02,16,,
2014-03,16,,
2014-04,16,,
2014-05,16,,
2014-06,16,,
2014-07,16,,
2014-08,16,,
2014-09,16,,
2014-10,16,,
2014-11,16,,
2014-12,16,,
2011-01,17,0.1196,11.96
2011-02,17,0.071,7.1
2011-03,17,0.1134,11.34
2011-04,17,0.1022,10.22
2011-05,17,0.0952,9.52
2011-06,17,0.1787,17.87
2011-07,17,0.1097,10.97
2011-08,17,0.0496,4.96
2011-09,17,0.0638,6.38
2011-10,17,0.108,10.8
2011-11,17,0.0837,8.37
2011-12,17,0.1103,11.03
2012-01,17,0.17,17.0
2012-02,17,0.12,12.0
2012-03,17,0.1143,11.43
2012-04,17,0.1579,15.79
2012-05,17,0.1471,14.71
2012-06,17,0.1373,13.73
2012-07,17,0.1231,12.31
2012-08,17,0.0565,5.65
2012-09,17,0.0776,7.76
2012-10,17,0.0946,9.46
2012-11,17,0.0957,9.57
2012-12,17,0.1159,11.59
2013-01,17,0.0833,8.33
2013-02,17,0.0952,9.52
2013-03,17,0.1277,12.77
2013-04,17,0.2453,24.53
2013-05,17,0.06,6.0
2013-06,17,0.1167,11.67
2013-07,17,0.1154,11.54
2013-08,17,,
2013-09,17,,
2013-10,17,,
2013-11,17,,
2013-12,17,,
2014-01,17,,
2014-02,17,,
2014-03,17,,
2014-04,17,,
2014-05,17,,
2014-06,17,,
2014-07,17,,
2014-08,17,,
2014-09,17,,
2014-10,17,,
2014-11,17,,
2014-12,17,,
2011-01,18,0.0813,8.13
2011-02,18,0.1183,11.83
2011-03,18,0.1619,16.19
2011-04,18,0.1289,12.89
2011-05,18,0.1429,14.29
2011-06,18,0.1153,11.53
2011-07,18,0.0387,3.87
2011-08,18,0.0851,8.51
2011-09,18,0.0638,6.38
2011-10,18,0.0892,8.92
2011-11,18,0.1155,11.55
2011-12,18,0.1749,17.49
2012-01,18,0.1,10.0
2012-02,18,0.0667,6.67
2012-03,18,0.181,18.1
2012-04,18,0.0632,6.32
2012-05,18,0.1373,13.73
2012-06,18,0.1503,15.03
2012-07,18,0.1077,10.77
2012-08,18,0.0726,7.26
2012-09,18,0.1379,13.79
2012-10,18,0.0946,9.46
2012-11,18,0.0957,9.57
2012-12,18,0.1159,11.59
2013-01,18,0.0667,6.67
2013-02,18,0.0238,2.38
2013-03,18,0.1915,19.15
2013-04,18,0.0755,7.55
2013-05,18,0.2,20.0
2013-06,18,0.1333,13.33
2013-07,18,,
2013-08,18,,
2013-09,18,,
2013-10,18,,
2013-11,18,,
2013-12,18,,
2014-01,18,,
2014-02,18,,
2014-03,18,,
2014-04,18,,
2014-05,18,,
2014-06,18,,
2014-07,18,,
2014-08,18,,
2014-09,18,,
2014-10,18,,
2014-11,18,,
2014-12,18,,
2011-01,19,0.1196,11.96
2011-02,19,0.142,14.2
2011-03,19,0.1457,14.57
2011-04,19,0.16,16.0
2011-05,19,0.1732,17.32
2011-06,19,0.0634,6.34
2011-07,19,0.0452,4.52
2011-08,19,0.0851,8.51
2011-09,19,0.0537,5.37
2011-10,19,0.1408,14.08
2011-11,19,0.1195,11.95
2011-12,19,0.0875,8.75
2012-01,19,0.14,14.0
2012-02,19,0.1867,18.67
2012-03,19,0.1333,13.33
2012-04,19,0.2105,21.05
2012-05,19,0.1471,14.71
2012-06,19,0.0784,7.84
2012-07,19,0.0769,7.69
2012-08,19,0.0565,5.65
2012-09,19,0.1121,11.21
2012-10,19,0.0811,8.11
2012-11,19,0.1596,15.96
2012-12,19,0.1739,17.39
2013-01,19,0.1167,11.67
2013-02,19,0.119,11.9
2013-03,19,0.1489,14.89
2013-04,19,0.2075,20.75
2013-05,19,0.18,18.0
2013-06,19,,
2013-07,19,,
2013-08,19,,
2013-09,19,,
2013-10,19,,
2013-11,19,,
2013-12,19,,
2014-01,19,,
2014-02,19,,
2014-03,19,,
2014-04,19,,
2014-05,19,,
2014-06,19,,
2014-07,19,,
2014-08,19,,
2014-09,19,,
2014-10,19,,
2014-11,19,,
2014-12,19,,
2011-01,20,0.1053,10.53
2011-02,20,0.071,7.1
2011-03,20,0.1457,14.57
2011-04,20,0.1067,10.67
2011-05,20,0.0823,8.23
2011-06,20,0.0634,6.34
2011-07,20,0.129,12.9
2011-08,20,0.0567,5.67
2011-09,20,0.1007,10.07
2011-10,20,0.1408,14.08
2011-11,20,0.0996,9.96
2011-12,20,0.1369,13.69
2012-01,20,0.17,17.0
2012-02,20,0.1867,18.67
2012-03,20,0.1524,15.24
2012-04,20,0.2526,25.26
2012-05,20,0.0686,6.86
2012-06,20,0.1373,13.73
2012-07,20,0.1077,10.77
2012-08,20,0.1048,10.48
2012-09,20,0.1379,13.79
2012-10,20,0.1622,16.22
2012-11,20,0.1383,13.83
2012-12,20,0.1159,11.59
2013-01,20,0.1667,16.67
2013-02,20,0.1667,16.67
2013-03,20,0.234,23.4
2013-04,20,0.1698,16.98
2013-05,20,,
2013-06,20,,
2013-07,20,,
2013-08,20,,
2013-09,20,,
2013-10,20,,
2013-11,20,,
2013-12,20,,
2014-01,20,,
2014-02,20,,
2014-03,20,,
2014-04,20,,
2014-05,20,,
2014-06,20,,
2014-07,20,,
2014-08,20,,
2014-09,20,,
2014-10,20,,
2014-11,20,,
2014-12,20,,
2011-01,21,0.0478,4.78
2011-02,21,0.1243,12.43
2011-03,21,0.1336,13.36
2011-04,21,0.0622,6.22
2011-05,21,0.0606,6.06
2011-06,21,0.0807,8.07
2011-07,21,0.1226,12.26
2011-08,21,0.0851,8.51
2011-09,21,0.151,15.1
2011-10,21,0.0798,7.98
2011-11,21,0.1315,13.15
2011-12,21,0.1825,18.25
2012-01,21,0.14,14.0
2012-02,21,0.16,16.0
2012-03,21,0.181,18.1
2012-04,21,0.0947,9.47
2012-05,21,0.0882,8.82
2012-06,21,0.1307,13.07
2012-07,21,0.0769,7.69
2012-08,21,0.1371,13.71
2012-09,21,0.2155,21.55
2012-10,21,0.0811,8.11
2012-11,21,0.1596,15.96
2012-12,21,0.1304,13.04
2013-01,21,0.0667,6.67
2013-02,21,0.1667,16.67
2013-03,21,0.2128,21.28
2013-04,21,,
2013-05,21,,
2013-06,21,,
2013-07,21,,
2013-08,21,,
2013-09,21,,
2013-10,21,,
2013-11,21,,
2013-12,21,,
2014-01,21,,
2014-02,21,,
2014-03,21,,
2014-04,21,,
2014-05,21,,
2014-06,21,,
2014-07,21,,
2014-08,21,,
2014-09,21,,
2014-10,21,,
2014-11,21,,
2014-12,21,,
2011-01,22,0.1722,17.22
2011-02,22,0.1302,13.02
2011-03,22,0.1012,10.12
2011-04,22,0.0444,4.44
2011-05,22,0.1039,10.39
2011-06,22,0.0634,6.34
2011-07,22,0.1226,12.26
2011-08,22,0.0993,9.93
2011-09,22,0.1007,10.07
2011-10,22,0.1408,14.08
2011-11,22,0.1912,19.12
2011-12,22,0.0837,8.37
2012-01,22,0.12,12.0
2012-02,22,0.16,16.0
2012-03,22,0.1143,11.43
2012-04,22,0.0421,4.21
2012-05,22,0.098,9.8
2012-06,22,0.0719,7.19
2012-07,22,0.1385,13.85
2012-08,22,0.1774,17.74
2012-09,22,0.0345,3.45
2012-10,22,0.1081,10.81
2012-11,22,0.1809,18.09
2012-12,22,0.087,8.7
2013-01,22,0.1833,18.33
2013-02,22,0.119,11.9
2013-03,22,,
2013-04,22,,
2013-05,22,,
2013-06,22,,
2013-07,22,,
2013-08,22,,
2013-09,22,,
2013-10,22,,
2013-11,22,,
2013-12,22,,
2014-01,22,,
2014-02,22,,
2014-03,22,,
2014-04,22,,
2014-05,22,,
2014-06,22,,
2014-07,22,,
2014-08,22,,
2014-09,22,,
2014-10,22,,
2014-11,22,,
2014-12,22,,
2011-01,23,0.1388,13.88
2011-02,23,0.0533,5.33
2011-03,23,0.0688,6.88
2011-04,23,0.0667,6.67
2011-05,23,0.0952,9.52
2011-06,23,0.098,9.8
2011-07,23,0.1613,16.13
2011-08,23,0.1206,12.06
2011-09,23,0.1275,12.75
2011-10,23,0.169,16.9
2011-11,23,0.0797,7.97
2011-12,23,0.1483,14.83
2012-01,23,0.15,15.0
2012-02,23,0.0533,5.33
2012-03,23,0.1048,10.48
2012-04,23,0.1263,12.63
2012-05,23,0.1275,12.75
2012-06,23,0.0915,9.15
2012-07,23,0.1385,13.85
2012-08,23,0.121,12.1
2012-09,23,0.1638,16.38
2012-10,23,0.1622,16.22
2012-11,23,0.1809,18.09
2012-12,23,0.1884,18.84
2013-01,23,0.15,15.0
2013-02,23,,
2013-03,23,,
2013-04,23,,
2013-05,23,,
2013-06,23,,
2013-07,23,,
2013-08,23,,
2013-09,23,,
2013-10,23,,
2013-11,23,,
2013-12,23,,
2014-01,23,,
2014-02,23,,
2014-03,23,,
2014-04,23,,
2014-05,23,,
2014-06,23,,
2014-07,23,,
2014-08,23,,
2014-09,23,,
2014-10,23,,
2014-11,23,,
2014-12,23,,
2011-01,24,0.0574,5.74
2011-02,24,0.0533,5.33
2011-03,24,0.081,8.1
2011-04,24,0.0667,6.67
2011-05,24,0.1342,13.42
2011-06,24,0.1441,14.41
2011-07,24,0.0839,8.39
2011-08,24,0.1489,14.89
2011-09,24,0.1644,16.44
2011-10,24,0.0892,8.92
2011-11,24,0.1355,13.55
2011-12,24,0.1787,17.87
2012-01,24,0.1,10.0
2012-02,24,0.1333,13.33
2012-03,24,0.0667,6.67
2012-04,24,0.0842,8.42
2012-05,24,0.0882,8.82
2012-06,24,0.2026,20.26
2012-07,24,0.1692,16.92
2012-08,24,0.2016,20.16
2012-09,24,0.1724,17.24
2012-10,24,0.1216,12.16
2012-11,24,0.1915,19.15
2012-12,24,0.1594,15.94
2013-01,24,,
2013-02,24,,
2013-03,24,,
2013-04,24,,
2013-05,24,,
2013-06,24,,
2013-07,24,,
2013-08,24,,
2013-09,24,,
2013-10,24,,
2013-11,24,,
2013-12,24,,
2014-01,24,,
2014-02,24,,
2014-03,24,,
2014-04,24,,
2014-05,24,,
2014-06,24,,
2014-07,24,,
2014-08,24,,
2014-09,24,,
2014-10,24,,
2014-11,24,,
2014-12,24,,
2011-01,25,0.0718,7.18
2011-02,25,0.1302,13.02
2011-03,25,0.1012,10.12
2011-04,25,0.1022,10.22
2011-05,25,0.1299,12.99
2011-06,25,0.098,9.8
2011-07,25,0.1806,18.06
2011-08,25,0.195,19.5
2011-09,25,0.094,9.4
2011-10,25,0.1408,14.08
2011-11,25,0.1753,17.53
2011-12,25,0.0837,8.37
2012-01,25,0.1,10.0
2012-02,25,0.0667,6.67
2012-03,25,0.0857,8.57
2012-04,25,0.0737,7.37
2012-05,25,0.2059,20.59
2012-06,25,0.085,8.5
2012-07,25,0.1692,16.92
2012-08,25,0.1935,19.35
2012-09,25,0.1121,11.21
2012-10,25,0.1892,18.92
2012-11,25,0.1915,19.15
2012-12,25,,
2013-01,25,,
2013-02,25,,
2013-03,25,,
2013-04,25,,
2013-05,25,,
2013-06,25,,
2013-07,25,,
2013-08,25,,
2013-09,25,,
2013-10,25,,
2013-11,25,,
2013-12,25,,
2014-01,25,,
2014-02,25,,
2014-03,25,,
2014-04,25,,
2014-05,25,,
2014-06,25,,
2014-07,25,,
2014-08,25,,
2014-09,25,,
2014-10,25,,
2014-11,25,,
2014-12,25,,
2011-01,26,0.1005,10.05
2011-02,26,0.0947,9.47
2011-03,26,0.1093,10.93
2011-04,26,0.1378,13.78
2011-05,26,0.0606,6.06
2011-06,26,0.1354,13.54
2011-07,26,0.1613,16.13
2011-08,26,0.1099,10.99
2011-09,26,0.1644,16.44
2011-10,26,0.1549,15.49
2011-11,26,0.0837,8.37
2011-12,26,0.0722,7.22
2012-01,26,0.1,10.0
2012-02,26,0.08,8.0
2012-03,26,0.1143,11.43
2012-04,26,0.1684,16.84
2012-05,26,0.1078,10.78
2012-06,26,0.1438,14.38
2012-07,26,0.1692,16.92
2012-08,26,0.1048,10.48
2012-09,26,0.1897,18.97
2012-10,26,0.2027,20.27
2012-11,26,,
2012-12,26,,
2013-01,26,,
2013-02,26,,
2013-03,26,,
2013-04,26,,
2013-05,26,,
2013-06,26,,
2013-07,26,,
2013-08,26,,
2013-09,26,,
2013-10,26,,
2013-11,26,,
2013-12,26,,
2014-01,26,,
2014-02,26,,
2014-03,26,,
2014-04,26,,
2014-05,26,,
2014-06,26,,
2014-07,26,,
2014-08,26,,
2014-09,26,,
2014-10,26,,
2014-11,26,,
2014-12,26,,
2011-01,27,0.0813,8.13
2011-02,27,0.1361,13.61
2011-03,27,0.1417,14.17
2011-04,27,0.1511,15.11
2011-05,27,0.1602,16.02
2011-06,27,0.1556,15.56
2011-07,27,0.1419,14.19
2011-08,27,0.1773,17.73
2011-09,27,0.1711,17.11
2011-10,27,0.0845,8.45
2011-11,27,0.0598,5.98
2011-12,27,0.1027,10.27
2012-01,27,0.12,12.0
2012-02,27,0.16,16.0
2012-03,27,0.1429,14.29
2012-04,27,0.1474,14.74
2012-05,27,0.1765,17.65
2012-06,27,0.1503,15.03
2012-07,27,0.2,20.0
2012-08,27,0.1371,13.71
2012-09,27,0.1638,16.38
2012-10,27,,
2012-11,27,,
2012-12,27,,
2013-01,27,,
2013-02,27,,
2013-03,27,,
2013-04,27,,
2013-05,27,,
2013-06,27,,
2013-07,27,,
2013-08,27,,
2013-09,27,,
2013-10,27,,
2013-11,27,,
2013-12,27,,
2014-01,27,,
2014-02,27,,
2014-03,27,,
2014-04,27,,
2014-05,27,,
2014-06,27,,
2014-07,27,,
2014-08,27,,
2014-09,27,,
2014-10,27,,
2014-11,27,,
2014-12,27,,
2011-01,28,0.11,11.0
2011-02,28,0.1538,15.38
2011-03,28,0.1012,10.12
2011-04,28,0.1156,11.56
2011-05,28,0.1299,12.99
2011-06,28,0.1354,13.54
2011-07,28,0.1806,18.06
2011-08,28,0.1454,14.54
2011-09,28,0.0738,7.38
2011-10,28,0.0798,7.98
2011-11,28,0.1195,11.95
2011-12,28,0.1179,11.79
2012-01,28,0.08,8.0
2012-02,28,0.1333,13.33
2012-03,28,0.0571,5.71
2012-04,28,0.1263,12.63
2012-05,28,0.2451,24.51
2012-06,28,0.1242,12.42
2012-07,28,0.1538,15.38
2012-08,28,0.1774,17.74
2012-09,28,,
2012-10,28,,
2012-11,28,,
2012-12,28,,
2013-01,28,,
2013-02,28,,
2013-03,28,,
2013-04,28,,
2013-05,28,,
2013-06,28,,
2013-07,28,,
2013-08,28,,
2013-09,28,,
2013-10,28,,
2013-11,28,,
2013-12,28,,
2014-01,28,,
2014-02,28,,
2014-03,28,,
2014-04,28,,
2014-05,28,,
2014-06,28,,
2014-07,28,,
2014-08,28,,
2014-09,28,,
2014-10,28,,
2014-11,28,,
2014-12,28,,
2011-01,29,0.2105,21.05
2011-02,29,0.0828,8.28
2011-03,29,0.1134,11.34
2011-04,29,0.1644,16.44
2011-05,29,0.1255,12.55
2011-06,29,0.1441,14.41
2011-07,29,0.2194,21.94
2011-08,29,0.078,7.8
2011-09,29,0.0671,6.71
2011-10,29,0.1221,12.21
2011-11,29,0.1155,11.55
2011-12,29,0.1407,14.07
2012-01,29,0.16,16.0
2012-02,29,0.0667,6.67
2012-03,29,0.181,18.1
2012-04,29,0.2316,23.16
2012-05,29,0.1373,13.73
2012-06,29,0.1961,19.61
2012-07,29,0.1846,18.46
2012-08,29,,
2012-09,29,,
2012-10,29,,
2012-11,29,,
2012-12,29,,
2013-01,29,,
2013-02,29,,
2013-03,29,,
2013-04,29,,
2013-05,29,,
2013-06,29,,
2013-07,29,,
2013-08,29,,
2013-09,29,,
2013-10,29,,
2013-11,29,,
2013-12,29,,
2014-01,29,,
2014-02,29,,
2014-03,29,,
2014-04,29,,
2014-05,29,,
2014-06,29,,
2014-07,29,,
2014-08,29,,
2014-09,29,,
2014-10,29,,
2014-11,29,,
2014-12,29,,
2011-01,30,0.0574,5.74
2011-02,30,0.1479,14.79
2011-03,30,0.17,17.0
2011-04,30,0.1556,15.56
2011-05,30,0.1602,16.02
2011-06,30,0.1527,15.27
2011-07,30,0.1097,10.97
2011-08,30,0.0709,7.09
2011-09,30,0.1107,11.07
2011-10,30,0.0798,7.98
2011-11,30,0.1474,14.74
2011-12,30,0.1559,15.59
2012-01,30,0.11,11.0
2012-02,30,0.1867,18.67
2012-03,30,0.181,18.1
2012-04,30,0.2421,24.21
2012-05,30,0.1667,16.67
2012-06,30,0.1765,17.65
2012-07,30,,
2012-08,30,,
2012-09,30,,
2012-10,30,,
2012-11,30,,
2012-12,30,,
2013-01,30,,
2013-02,30,,
2013-03,30,,
2013-04,30,,
2013-05,30,,
2013-06,30,,
2013-07,30,,
2013-08,30,,
2013-09,30,,
2013-10,30,,
2013-11,30,,
2013-12,30,,
2014-01,30,,
2014-02,30,,
2014-03,30,,
2014-04,30,,
2014-05,30,,
2014-06,30,,
2014-07,30,,
2014-08,30,,
2014-09,30,,
2014-10,30,,
2014-11,30,,
2014-12,30,,
2011-01,31,0.11,11.0
2011-02,31,0.1243,12.43
2011-03,31,0.1134,11.34
2011-04,31,0.1689,16.89
2011-05,31,0.1602,16.02
2011-06,31,0.0807,8.07
2011-07,31,0.1161,11.61
2011-08,31,0.0745,7.45
2011-09,31,0.1107,11.07
2011-10,31,0.169,16.9
2011-11,31,0.1355,13.55
2011-12,31,0.076,7.6
2012-01,31,0.16,16.0
2012-02,31,0.1333,13.33
2012-03,31,0.1238,12.38
2012-04,31,0.1789,17.89
2012-05,31,0.1275,12.75
2012-06,31,,
2012-07,31,,
2012-08,31,,
2012-09,31,,
2012-10,31,,
2012-11,31,,
2012-12,31,,
2013-01,31,,
2013-02,31,,
2013-03,31,,
2013-04,31,,
2013-05,31,,
2013-06,31,,
2013-07,31,,
2013-08,31,,
2013-09,31,,
2013-10,31,,
2013-11,31,,
2013-12,31,,
2014-01,31,,
2014-02,31,,
2014-03,31,,
2014-04,31,,
2014-05,31,,
2014-06,31,,
2014-07,31,,
2014-08,31,,
2014-09,31,,
2014-10,31,,
2014-11,31,,
2014-12,31,,
2011-01,32,0.1866,18.66
2011-02,32,0.1361,13.61
2011-03,32,0.1781,17.81
2011-04,32,0.1733,17.33
2011-05,32,0.0823,8.23
2011-06,32,0.0778,7.78
2011-07,32,0.1097,10.97
2011-08,32,0.117,11.7
2011-09,32,0.0738,7.38
2011-10,32,0.23,23.0
2011-11,32,0.1235,12.35
2011-12,32,0.1787,17.87
2012-01,32,0.17,17.0
2012-02,32,0.1333,13.33
2012-03,32,0.2095,20.95
2012-04,32,0.1895,18.95
2012-05,32,,
2012-06,32,,
2012-07,32,,
2012-08,32,,
2012-09,32,,
2012-10,32,,
2012-11,32,,
2012-12,32,,
2013-01,32,,
2013-02,32,,
2013-03,32,,
2013-04,32,,
2013-05,32,,
2013-06,32,,
2013-07,32,,
2013-08,32,,
2013-09,32,,
2013-10,32,,
2013-11,32,,
2013-12,32,,
2014-01,32,,
2014-02,32,,
2014-03,32,,
2014-04,32,,
2014-05,32,,
2014-06,32,,
2014-07,32,,
2014-08,32,,
2014-09,32,,
2014-10,32,,
2014-11,32,,
2014-12,32,,
2011-01,33,0.0957,9.57
2011-02,33,0.1716,17.16
2011-03,33,0.1498,14.98
2011-04,33,0.0933,9.33
2011-05,33,0.0476,4.76
2011-06,33,0.1095,10.95
2011-07,33,0.0903,9.03
2011-08,33,0.1596,15.96
2011-09,33,0.1745,17.45
2011-10,33,0.1221,12.21
2011-11,33,0.1474,14.74
2011-12,33,0.1635,16.35
2012-01,33,0.08,8.0
2012-02,33,0.2133,21.33
2012-03,33,0.1905,19.05
2012-04,33,,
2012-05,33,,
2012-06,33,,
2012-07,33,,
2012-08,33,,
2012-09,33,,
2012-10,33,,
2012-11,33,,
2012-12,33,,
2013-01,33,,
2013-02,33,,
2013-03,33,,
2013-04,33,,
2013-05,33,,
2013-06,33,,
2013-07,33,,
2013-08,33,,
2013-09,33,,
2013-10,33,,
2013-11,33,,
2013-12,33,,
2014-01,33,,
2014-02,33,,
2014-03,33,,
2014-04,33,,
2014-05,33,,
2014-06,33,,
2014-07,33,,
2014-08,33,,
2014-09,33,,
2014-10,33,,
2014-11,33,,
2014-12,33,,
2011-01,34,0.1627,16.27
2011-02,34,0.1302,13.02
2011-03,34,0.1053,10.53
2011-04,34,0.0667,6.67
2011-05,34,0.0823,8.23
2011-06,34,0.1066,10.66
2011-07,34,0.1484,14.84
2011-08,34,0.1596,15.96
2011-09,34,0.0973,9.73
2011-10,34,0.1502,15.02
2011-11,34,0.1992,19.92
2011-12,34,0.1559,15.59
2012-01,34,0.2,20.0
2012-02,34,0.1467,14.67
2012-03,34,,
2012-04,34,,
2012-05,34,,
2012-06,34,,
2012-07,34,,
2012-08,34,,
2012-09,34,,
2012-10,34,,
2012-11,34,,
2012-12,34,,
2013-01,34,,
2013-02,34,,
2013-03,34,,
2013-04,34,,
2013-05,34,,
2013-06,34,,
2013-07,34,,
2013-08,34,,
2013-09,34,,
2013-10,34,,
2013-11,34,,
2013-12,34,,
2014-01,34,,
2014-02,34,,
2014-03,34,,
2014-04,34,,
2014-05,34,,
2014-06,34,,
2014-07,34,,
2014-08,34,,
2014-09,34,,
2014-10,34,,
2014-11,34,,
2014-12,34,,
2011-01,35,0.1435,14.35
2011-02,35,0.0769,7.69
2011-03,35,0.081,8.1
2011-04,35,0.1511,15.11
2011-05,35,0.0996,9.96
2011-06,35,0.1153,11.53
2011-07,35,0.1548,15.48
2011-08,35,0.1277,12.77
2011-09,35,0.1577,15.77
2011-10,35,0.2066,20.66
2011-11,35,0.1474,14.74
2011-12,35,0.2548,25.48
2012-01,35,0.15,15.0
2012-02,35,,
2012-03,35,,
2012-04,35,,
2012-05,35,,
2012-06,35,,
2012-07,35,,
2012-08,35,,
2012-09,35,,
2012-10,35,,
2012-11,35,,
2012-12,35,,
2013-01,35,,
2013-02,35,,
2013-03,35,,
2013-04,35,,
2013-05,35,,
2013-06,35,,
2013-07,35,,
2013-08,35,,
2013-09,35,,
2013-10,35,,
2013-11,35,,
2013-12,35,,
2014-01,35,,
2014-02,35,,
2014-03,35,,
2014-04,35,,
2014-05,35,,
2014-06,35,,
2014-07,35,,
2014-08,35,,
2014-09,35,,
2014-10,35,,
2014-11,35,,
2014-12,35,,
2011-01,36,0.11,11.0
2011-02,36,0.1006,10.06
2011-03,36,0.1093,10.93
2011-04,36,0.0711,7.11
2011-05,36,0.1472,14.72
2011-06,36,0.2075,20.75
2011-07,36,0.1226,12.26
2011-08,36,0.1596,15.96
2011-09,36,0.1812,18.12
2011-10,36,0.2207,22.07
2011-11,36,0.2032,20.32
2011-12,36,0.2167,21.67
2012-01,36,,
2012-02,36,,
2012-03,36,,
2012-04,36,,
2012-05,36,,
2012-06,36,,
2012-07,36,,
2012-08,36,,
2012-09,36,,
2012-10,36,,
2012-11,36,,
2012-12,36,,
2013-01,36,,
2013-02,36,,
2013-03,36,,
2013-04,36,,
2013-05,36,,
2013-06,36,,
2013-07,36,,
2013-08,36,,
2013-09,36,,
2013-10,36,,
2013-11,36,,
2013-12,36,,
2014-01,36,,
2014-02,36,,
2014-03,36,,
2014-04,36,,
2014-05,36,,
2014-06,36,,
2014-07,36,,
2014-08,36,,
2014-09,36,,
2014-10,36,,
2014-11,36,,
2014-12,36,,
2011-01,37,0.0813,8.13
2011-02,37,0.1006,10.06
2011-03,37,0.1134,11.34
2011-04,37,0.1333,13.33
2011-05,37,0.1818,18.18
2011-06,37,0.1009,10.09
2011-07,37,0.1548,15.48
2011-08,37,0.1809,18.09
2011-09,37,0.1443,14.43
2011-10,37,0.2207,22.07
2011-11,37,0.2311,23.11
2011-12,37,,
2012-01,37,,
2012-02,37,,
2012-03,37,,
2012-04,37,,
2012-05,37,,
2012-06,37,,
2012-07,37,,
2012-08,37,,
2012-09,37,,
2012-10,37,,
2012-11,37,,
2012-12,37,,
2013-01,37,,
2013-02,37,,
2013-03,37,,
2013-04,37,,
2013-05,37,,
2013-06,37,,
2013-07,37,,
2013-08,37,,
2013-09,37,,
2013-10,37,,
2013-11,37,,
2013-12,37,,
2014-01,37,,
2014-02,37,,
2014-03,37,,
2014-04,37,,
2014-05,37,,
2014-06,37,,
2014-07,37,,
2014-08,37,,
2014-09,37,,
2014-10,37,,
2014-11,37,,
2014-12,37,,
2011-01,38,0.1005,10.05
2011-02,38,0.1361,13.61
2011-03,38,0.1822,18.22
2011-04,38,0.1867,18.67
2011-05,38,0.0996,9.96
2011-06,38,0.1383,13.83
2011-07,38,0.2065,20.65
2011-08,38,0.156,15.6
2011-09,38,0.2181,21.81
2011-10,38,0.2629,26.29
2011-11,38,,
2011-12,38,,
2012-01,38,,
2012-02,38,,
2012-03,38,,
2012-04,38,,
2012-05,38,,
2012-06,38,,
2012-07,38,,
2012-08,38,,
2012-09,38,,
2012-10,38,,
2012-11,38,,
2012-12,38,,
2013-01,38,,
2013-02,38,,
2013-03,38,,
2013-04,38,,
2013-05,38,,
2013-06,38,,
2013-07,38,,
2013-08,38,,
2013-09,38,,
2013-10,38,,
2013-11,38,,
2013-12,38,,
2014-01,38,,
2014-02,38,,
2014-03,38,,
2014-04,38,,
2014-05,38,,
2014-06,38,,
2014-07,38,,
2014-08,38,,
2014-09,38,,
2014-10,38,,
2014-11,38,,
2014-12,38,,
2011-01,39,0.0957,9.57
2011-02,39,0.1775,17.75
2011-03,39,0.1498,14.98
2011-04,39,0.0667,6.67
2011-05,39,0.1688,16.88
2011-06,39,0.219,21.9
2011-07,39,0.1806,18.06
2011-08,39,0.1809,18.09
2011-09,39,0.2013,20.13
2011-10,39,,
2011-11,39,,
2011-12,39,,
2012-01,39,,
2012-02,39,,
2012-03,39,,
2012-04,39,,
2012-05,39,,
2012-06,39,,
2012-07,39,,
2012-08,39,,
2012-09,39,,
2012-10,39,,
2012-11,39,,
2012-12,39,,
2013-01,39,,
2013-02,39,,
2013-03,39,,
2013-04,39,,
2013-05,39,,
2013-06,39,,
2013-07,39,,
2013-08,39,,
2013-09,39,,
2013-10,39,,
2013-11,39,,
2013-12,39,,
2014-01,39,,
2014-02,39,,
2014-03,39,,
2014-04,39,,
2014-05,39,,
2014-06,39,,
2014-07,39,,
2014-08,39,,
2014-09,39,,
2014-10,39,,
2014-11,39,,
2014-12,39,,
2011-01,40,0.1292,12.92
2011-02,40,0.1657,16.57
2011-03,40,0.1174,11.74
2011-04,40,0.1644,16.44
2011-05,40,0.2511,25.11
2011-06,40,0.17,17.0
2011-07,40,0.2387,23.87
2011-08,40,0.2128,21.28
2011-09,40,,
2011-10,40,,
2011-11,40,,
2011-12,40,,
2012-01,40,,
2012-02,40,,
2012-03,40,,
2012-04,40,,
2012-05,40,,
2012-06,40,,
2012-07,40,,
2012-08,40,,
2012-09,40,,
2012-10,40,,
2012-11,40,,
2012-12,40,,
2013-01,40,,
2013-02,40,,
2013-03,40,,
2013-04,40,,
2013-05,40,,
2013-06,40,,
2013-07,40,,
2013-08,40,,
2013-09,40,,
2013-10,40,,
2013-11,40,,
2013-12,40,,
2014-01,40,,
2014-02,40,,
2014-03,40,,
2014-04,40,,
2014-05,40,,
2014-06,40,,
2014-07,40,,
2014-08,40,,
2014-09,40,,
2014-10,40,,
2014-11,40,,
2014-12,40,,
2011-01,41,0.177,17.7
2011-02,41,0.1065,10.65
2011-03,41,0.166,16.6
2011-04,41,0.2311,23.11
2011-05,41,0.1688,16.88
2011-06,41,0.2161,21.61
2011-07,41,0.2065,20.65
2011-08,41,,
2011-09,41,,
2011-10,41,,
2011-11,41,,
2011-12,41,,
2012-01,41,,
2012-02,41,,
2012-03,41,,
2012-04,41,,
2012-05,41,,
2012-06,41,,
2012-07,41,,
2012-08,41,,
2012-09,41,,
2012-10,41,,
2012-11,41,,
2012-12,41,,
2013-01,41,,
2013-02,41,,
2013-03,41,,
2013-04,41,,
2013-05,41,,
2013-06,41,,
2013-07,41,,
2013-08,41,,
2013-09,41,,
2013-10,41,,
2013-11,41,,
2013-12,41,,
2014-01,41,,
2014-02,41,,
2014-03,41,,
2014-04,41,,
2014-05,41,,
2014-06,41,,
2014-07,41,,
2014-08,41,,
2014-09,41,,
2014-10,41,,
2014-11,41,,
2014-12,41,,
2011-01,42,0.0957,9.57
2011-02,42,0.1716,17.16
2011-03,42,0.2146,21.46
2011-04,42,0.1867,18.67
2011-05,42,0.2078,20.78
2011-06,42,0.2277,22.77
2011-07,42,,
2011-08,42,,
2011-09,42,,
2011-10,42,,
2011-11,42,,
2011-12,42,,
2012-01,42,,
2012-02,42,,
2012-03,42,,
2012-04,42,,
2012-05,42,,
2012-06,42,,
2012-07,42,,
2012-08,42,,
2012-09,42,,
2012-10,42,,
2012-11,42,,
2012-12,42,,
2013-01,42,,
2013-02,42,,
2013-03,42,,
2013-04,42,,
2013-05,42,,
2013-06,42,,
2013-07,42,,
2013-08,42,,
2013-09,42,,
2013-10,42,,
2013-11,42,,
2013-12,42,,
2014-01,42,,
2014-02,42,,
2014-03,42,,
2014-04,42,,
2014-05,42,,
2014-06,42,,
2014-07,42,,
2014-08,42,,
2014-09,42,,
2014-10,42,,
2014-11,42,,
2014-12,42,,
2011-01,43,0.2057,20.57
2011-02,43,0.1834,18.34
2011-03,43,0.166,16.6
2011-04,43,0.1956,19.56
2011-05,43,0.2121,21.21
2011-06,43,,
2011-07,43,,
2011-08,43,,
2011-09,43,,
2011-10,43,,
2011-11,43,,
2011-12,43,,
2012-01,43,,
2012-02,43,,
2012-03,43,,
2012-04,43,,
2012-05,43,,
2012-06,43,,
2012-07,43,,
2012-08,43,,
2012-09,43,,
2012-10,43,,
2012-11,43,,
2012-12,43,,
2013-01,43,,
2013-02,43,,
2013-03,43,,
2013-04,43,,
2013-05,43,,
2013-06,43,,
2013-07,43,,
2013-08,43,,
2013-09,43,,
2013-10,43,,
2013-11,43,,
2013-12,43,,
2014-01,43,,
2014-02,43,,
2014-03,43,,
2014-04,43,,
2014-05,43,,
2014-06,43,,
2014-07,43,,
2014-08,43,,
2014-09,43,,
2014-10,43,,
2014-11,43,,
2014-12,43,,
2011-01,44,0.1962,19.62
2011-02,44,0.1538,15.38
2011-03,44,0.2065,20.65
2011-04,44,0.1867,18.67
2011-05,44,,
2011-06,44,,
2011-07,44,,
2011-08,44,,
2011-09,44,,
2011-10,44,,
2011-11,44,,
2011-12,44,,
2012-01,44,,
2012-02,44,,
2012-03,44,,
2012-04,44,,
2012-05,44,,
2012-06,44,,
2012-07,44,,
2012-08,44,,
2012-09,44,,
2012-10,44,,
2012-11,44,,
2012-12,44,,
2013-01,44,,
2013-02,44,,
2013-03,44,,
2013-04,44,,
2013-05,44,,
2013-06,44,,
2013-07,44,,
2013-08,44,,
2013-09,44,,
2013-10,44,,
2013-11,44,,
2013-12,44,,
2014-01,44,,
2014-02,44,,
2014-03,44,,
2014-04,44,,
2014-05,44,,
2014-06,44,,
2014-07,44,,
2014-08,44,,
2014-09,44,,
2014-10,44,,
2014-11,44,,
2014-12,44,,
2011-01,45,0.2153,21.53
2011-02,45,0.213,21.3
2011-03,45,0.2146,21.46
2011-04,45,,
2011-05,45,,
2011-06,45,,
2011-07,45,,
2011-08,45,,
2011-09,45,,
2011-10,45,,
2011-11,45,,
2011-12,45,,
2012-01,45,,
2012-02,45,,
2012-03,45,,
2012-04,45,,
2012-05,45,,
2012-06,45,,
2012-07,45,,
2012-08,45,,
2012-09,45,,
2012-10,45,,
2012-11,45,,
2012-12,45,,
2013-01,45,,
2013-02,45,,
2013-03,45,,
2013-04,45,,
2013-05,45,,
2013-06,45,,
2013-07,45,,
2013-08,45,,
2013-09,45,,
2013-10,45,,
2013-11,45,,
2013-12,45,,
2014-01,45,,
2014-02,45,,
2014-03,45,,
2014-04,45,,
2014-05,45,,
2014-06,45,,
2014-07,45,,
2014-08,45,,
2014-09,45,,
2014-10,45,,
2014-11,45,,
2014-12,45,,
2011-01,46,0.2153,21.53
2011-02,46,0.1953,19.53
2011-03,46,,
2011-04,46,,
2011-05,46,,
2011-06,46,,
2011-07,46,,
2011-08,46,,
2011-09,46,,
2011-10,46,,
2011-11,46,,
2011-12,46,,
2012-01,46,,
2012-02,46,,
2012-03,46,,
2012-04,46,,
2012-05,46,,
2012-06,46,,
2012-07,46,,
2012-08,46,,
2012-09,46,,
2012-10,46,,
2012-11,46,,
2012-12,46,,
2013-01,46,,
2013-02,46,,
2013-03,46,,
2013-04,46,,
2013-05,46,,
2013-06,46,,
2013-07,46,,
2013-08,46,,
2013-09,46,,
2013-10,46,,
2013-11,46,,
2013-12,46,,
2014-01,46,,
2014-02,46,,
2014-03,46,,
2014-04,46,,
2014-05,46,,
2014-06,46,,
2014-07,46,,
2014-08,46,,
2014-09,46,,
2014-10,46,,
2014-11,46,,
2014-12,46,,
2011-01,47,0.1818,18.18
2011-02,47,,
2011-03,47,,
2011-04,47,,
2011-05,47,,
2011-06,47,,
2011-07,47,,
2011-08,47,,
2011-09,47,,
2011-10,47,,
2011-11,47,,
2011-12,47,,
2012-01,47,,
2012-02,47,,
2012-03,47,,
2012-04,47,,
2012-05,47,,
2012-06,47,,
2012-07,47,,
2012-08,47,,
2012-09,47,,
2012-10,47,,
2012-11,47,,
2012-12,47,,
2013-01,47,,
2013-02,47,,
2013-03,47,,
2013-04,47,,
2013-05,47,,
2013-06,47,,
2013-07,47,,
2013-08,47,,
2013-09,47,,
2013-10,47,,
2013-11,47,,
2013-12,47,,
2014-01,47,,
2014-02,47,,
2014-03,47,,
2014-04,47,,
2014-05,47,,
2014-06,47,,
2014-07,47,,
2014-08,47,,
2014-09,47,,
2014-10,47,,
2014-11,47,,
2014-12,47,,
