customer_id,recency,frequency,monetary
AA-103151,9,5,1445
AA-103152,14,7,6105
AA-103153,695,2,633
AA-103154,185,5,5565
AA-103751,7,4,2407
AA-103752,318,3,560
AA-103753,35,7,1861
AA-103754,20,9,1056
AA-104801,126,5,5946
AA-104802,230,7,5253
AA-104803,237,4,4704
AA-104804,260,4,1792
AA-106451,29,12,5264
AA-106452,234,9,2730
AA-106453,56,9,2263
AA-106454,56,6,5087
AA-3151,154,1,11
AA-3152,3,6,2234
AA-3751,300,4,365
AA-3752,826,1,27
AA-3753,254,3,261
AA-4801,876,2,496
AA-4802,938,1,1085
AA-4803,315,2,482
AA-6451,61,8,1503
AA-6452,52,3,465
AB-100151,114,9,10662
AB-100152,253,12,6116
AB-100153,17,8,2375
AB-100154,416,3,887
AB-100601,82,9,2107
AB-100602,227,5,3345
AB-100603,43,10,5210
AB-100604,55,8,7708
AB-101051,217,7,4309
AB-101052,28,6,2949
AB-101053,33,10,1234
AB-101054,42,10,14476
AB-101501,111,4,429
AB-101502,104,6,9139
AB-101503,36,9,2523
AB-101504,42,5,969
AB-101651,390,5,3435
AB-101652,14,11,6437
AB-101653,61,5,668
AB-101654,26,8,1114
AB-102551,191,7,4277
AB-102552,257,6,949
AB-102553,6,9,4644
AB-102554,167,9,914
AB-1051,403,2,97
AB-1052,231,1,64
AB-1053,44,4,1996
AB-106001,241,9,7148
AB-106002,338,6,4276
AB-106003,85,3,377
AB-106004,51,4,1515
AB-1501,399,4,3145
AB-151,413,2,2125
AB-152,504,3,2481
AB-1651,31,1,160
AB-1652,710,1,411
AB-1653,17,4,828
AB-2551,175,5,4083
AB-2552,44,1,283
AB-2553,121,2,313
AB-6001,8,3,1384
AB-6002,876,2,4027
AB-601,36,3,1483
AB-602,134,6,287
AC-104201,220,5,4086
AC-104202,463,7,1033
AC-104203,7,9,4561
AC-104204,233,3,926
AC-104501,9,5,7610
AC-104502,6,4,2295
AC-104503,197,3,694
AC-104504,12,7,5529
AC-106151,13,11,5753
AC-106152,41,5,2738
AC-106153,37,8,1699
AC-106154,7,5,2538
AC-106601,64,4,1175
AC-106602,152,6,2234
AC-106603,3,6,2189
AC-106604,283,5,658
AC-4201,14,6,841
AC-4202,387,3,849
AC-4501,337,3,670
AC-4502,920,2,147
AC-4503,182,2,210
AC-6151,510,3,1706
AC-6152,93,4,593
AC-6601,120,3,2666
AC-6602,413,1,10
AD-101801,93,8,9209
AD-101802,377,5,1001
AD-101803,332,6,1541
AD-101804,30,8,6106
AD-1801,197,1,12
AD-1802,6,2,669
AF-108701,7,14,10793
AF-108702,106,6,7808
AF-108703,427,9,5832
AF-108704,42,7,2052
AF-108851,77,10,8347
AF-108852,163,13,5880
AF-108853,54,8,4621
AF-108854,416,4,862
AF-8701,13,4,672
AF-8702,766,1,125
AF-8703,6,4,901
AF-8851,204,1,139
AF-8852,168,1,215
AG-102701,66,7,4771
AG-102702,197,4,1663
AG-102703,41,9,1622
AG-102704,279,5,2584
AG-103001,28,5,3212
AG-103002,73,7,6071
AG-103003,3,8,3364
AG-103004,119,4,367
AG-103301,173,5,4208
AG-103302,150,9,3590
AG-103303,183,10,6078
AG-103304,9,5,662
AG-103901,241,2,2228
AG-103902,414,4,2646
AG-103903,190,8,3380
AG-103904,115,5,201
AG-104951,168,6,3451
AG-104952,129,11,7461
AG-104953,201,4,2110
AG-104954,79,8,2356
AG-105251,135,3,324
AG-105252,38,8,4071
AG-105253,13,5,2620
AG-105254,846,4,1455
AG-106751,770,3,3644
AG-106752,48,7,2284
AG-106753,401,4,3606
AG-106754,98,7,3489
AG-107651,377,4,1586
AG-107652,93,6,2159
AG-107653,29,13,5913
AG-107654,78,4,170
AG-109001,118,8,5035
AG-109002,373,8,3108
AG-109003,58,3,2276
AG-109004,97,10,4511
AG-2701,164,5,1997
AG-2702,520,1,296
AG-2703,14,2,486
AG-3001,146,2,866
AG-3002,99,4,835
AG-3301,3,6,513
AG-3302,15,1,20
AG-3901,1121,2,414
AG-3902,113,2,59
AG-4951,206,3,469
AG-4952,49,2,52
AG-4953,70,6,482
AG-5251,16,6,802
AG-5252,729,1,2067
AG-6751,174,6,774
AG-6752,271,4,1595
AG-7651,580,4,769
AG-7652,115,4,1090
AG-9001,24,4,1698
AH-100301,411,6,4154
AH-100302,29,8,3973
AH-100303,159,6,4568
AH-100304,13,7,1744
AH-100751,3,9,7291
AH-100752,31,9,4526
AH-100753,231,6,3044
AH-100754,35,10,3251
AH-101201,472,3,558
AH-101202,114,6,3590
AH-101203,307,6,4044
AH-101204,61,7,1736
AH-101951,50,6,3839
AH-101952,93,9,1833
AH-101953,52,6,5370
AH-101954,56,4,1588
AH-102101,471,2,1111
AH-102102,103,11,7417
AH-102103,8,12,7031
AH-102104,7,9,4805
AH-104651,87,6,2183
AH-104652,481,2,251
AH-104653,71,7,3621
AH-104654,231,5,2495
AH-105851,188,9,6205
AH-105852,184,5,1615
AH-105853,399,4,567
AH-105854,22,4,738
AH-106901,146,6,4163
AH-106902,31,9,3514
AH-106903,380,4,710
AH-106904,411,12,7889
AH-1201,600,3,1476
AH-1202,22,1,2
AH-1951,1052,2,80
AH-1952,1241,1,88
AH-1953,279,6,2483
AH-2101,881,2,3090
AH-2102,458,2,187
AH-301,469,4,5072
AH-302,577,3,1248
AH-4651,242,2,540
AH-4652,799,2,112
AH-5851,219,2,889
AH-5852,76,7,1343
AH-6901,59,3,948
AH-6902,601,2,869
AH-751,38,6,3426
AH-752,269,1,137
AH-753,567,1,45
AI-108551,309,4,1859
AI-108552,86,7,2105
AI-108553,209,1,20
AI-108554,14,10,4376
AI-8551,561,1,30
AI-8552,204,3,891
AJ-107801,125,5,5821
AJ-107802,49,7,3898
AJ-107803,62,6,601
AJ-107804,76,7,4868
AJ-107951,63,6,1209
AJ-107952,154,6,2249
AJ-107953,190,3,851
AJ-107954,167,7,4501
AJ-109451,92,9,2329
AJ-109452,416,7,3402
AJ-109453,29,6,3517
AJ-109454,86,7,1839
AJ-109601,49,4,1709
AJ-109602,208,6,4502
AJ-109603,52,4,1792
AJ-109604,75,3,629
AJ-7801,212,7,1608
AJ-7802,574,1,19
AJ-7803,2,4,942
AJ-7951,37,5,1276
AJ-7952,122,5,2119
AJ-9451,105,5,3817
AJ-9452,341,2,1045
AJ-9601,412,6,4071
AJ-9602,295,4,556
AM-103601,16,8,3217
AM-103602,22,11,8940
AM-103603,97,9,3759
AM-103604,29,5,813
AM-107051,323,10,11709
AM-107052,26,7,6094
AM-107053,139,5,742
AM-107054,163,8,5665
AM-3601,191,4,435
AM-3602,176,2,1601
AM-7051,137,4,867
AM-7052,378,1,24
AM-7053,892,1,411
AO-108101,37,12,7085
AO-108102,189,10,5657
AO-108103,122,4,1636
AO-108104,502,1,161
AO-8101,8,1,24
AO-8102,342,1,386
AO-8103,126,3,76
AP-107201,45,7,9040
AP-107202,47,2,1763
AP-107203,180,3,2919
AP-107204,42,8,1639
AP-109151,77,9,9049
AP-109152,132,6,1435
AP-109153,318,7,2070
AP-109154,99,10,3324
AP-7201,38,4,423
AP-7202,128,2,576
AP-9151,464,3,2151
AP-9152,93,2,517
AR-103451,103,9,4462
AR-103452,30,9,7043
AR-103453,316,4,1607
AR-103454,112,4,1056
AR-104051,55,6,2010
AR-104052,112,7,3532
AR-104053,145,4,1182
AR-104054,126,5,2235
AR-105101,238,11,6254
AR-105102,63,7,6533
AR-105103,77,6,1210
AR-105104,15,5,264
AR-105401,649,4,1154
AR-105402,122,2,64
AR-105403,416,3,157
AR-105404,7,6,6609
AR-105701,3,7,4880
AR-105702,105,4,1898
AR-105703,3,6,2581
AR-105704,535,1,88
AR-108251,379,4,633
AR-108252,80,15,7720
AR-108253,23,11,2435
AR-108254,59,8,4523
AR-3451,696,3,1243
AR-3452,142,6,1058
AR-4051,377,2,144
AR-4052,223,4,426
AR-5101,241,2,371
AR-5102,105,8,2267
AR-5401,222,4,325
AR-5402,398,4,236
AR-5701,295,3,970
AR-5702,71,6,1075
AR-8251,34,3,1704
AR-8252,75,4,324
AS-100451,77,5,2056
AS-100452,24,13,6708
AS-100453,220,3,779
AS-100454,89,7,3051
AS-100901,54,5,1502
AS-100902,16,8,4140
AS-100903,192,10,6112
AS-100904,29,9,3255
AS-101351,117,11,4430
AS-101352,628,3,2474
AS-101353,236,3,346
AS-101354,42,2,58
AS-102251,72,10,9773
AS-102252,13,6,6300
AS-102253,106,7,1031
AS-102254,23,5,4262
AS-102401,22,7,2374
AS-102402,44,9,3688
AS-102403,13,8,2358
AS-102404,193,7,586
AS-102851,139,9,6388
AS-102852,20,7,4997
AS-102853,19,8,1584
AS-102854,20,6,3215
AS-106301,381,6,7447
AS-106302,36,5,1455
AS-106303,629,1,80
AS-106304,93,7,835
AS-1351,967,1,187
AS-1352,93,4,3792
AS-2251,3,3,254
AS-2252,385,1,28
AS-2253,671,3,189
AS-2401,1198,1,5
AS-2402,499,4,1681
AS-2851,223,7,2059
AS-2852,100,6,2881
AS-451,777,2,1234
AS-452,234,1,379
AS-6301,561,8,1908
AS-6302,34,3,93
AS-901,22,4,436
AT-104351,127,6,2779
AT-104352,13,4,6342
AT-104353,17,8,3364
AT-104354,22,6,1172
AT-107351,78,4,2586
AT-107352,3,8,4359
AT-107353,37,7,2206
AT-107354,14,10,3831
AT-4351,213,4,540
AT-4352,29,8,748
AT-7351,1057,1,10
AT-7352,70,4,393
AW-108401,119,7,4229
AW-108402,17,5,4839
AW-108403,428,9,3480
AW-108404,21,4,649
AW-109301,59,5,1601
AW-109302,36,5,4066
AW-109303,56,5,1713
AW-109304,47,7,2853
AW-8401,57,7,1946
AW-9301,171,4,413
AW-9302,38,2,370
AY-105551,211,5,802
AY-105552,150,3,3023
AY-105553,640,4,1125
AY-105554,15,4,496
AY-5551,249,5,660
AY-5552,36,6,2436
AZ-107501,71,4,742
AZ-107502,112,4,1287
AZ-107503,227,4,5989
AZ-107504,161,6,1624
AZ-7501,27,5,1461
AZ-7502,816,1,96
AZ-7503,149,4,672
BB-109901,97,11,4719
BB-109902,15,5,1808
BB-109903,52,9,1790
BB-109904,106,5,744
BB-115451,44,4,1286
BB-115452,34,7,6600
BB-115453,41,6,1146
BB-115454,29,9,6767
BB-15451,157,3,131
BB-15452,50,2,77
BB-9901,51,3,507
BB-9902,79,4,315
BC-111251,969,2,2829
BC-111252,42,12,6941
BC-111253,34,5,2086
BC-111254,203,9,2934
BC-11251,30,3,85
BC-11252,132,3,311
BD-113201,112,5,2828
BD-113202,206,8,3189
BD-113203,6,7,1652
BD-113204,34,12,5721
BD-115001,89,6,3761
BD-115002,20,8,2534
BD-115003,126,7,2385
BD-115004,36,6,4410
BD-115601,45,4,1066
BD-115602,76,7,5213
BD-115603,8,6,2756
BD-115604,279,2,321
BD-116051,267,6,3719
BD-116052,790,3,1268
BD-116053,992,3,926
BD-116054,98,7,3288
BD-116201,138,9,3514
BD-116202,56,7,2490
BD-116203,50,3,306
BD-116204,70,6,1539
BD-116351,241,7,4867
BD-116352,13,10,4687
BD-116353,164,5,1093
BD-116354,10,3,583
BD-117251,177,8,3901
BD-117252,190,6,1418
BD-117253,5,10,4035
BD-117254,94,6,1527
BD-117701,76,5,3106
BD-117702,198,7,3543
BD-117703,36,8,2859
BD-117704,328,6,658
BD-13201,290,1,57
BD-13202,6,5,1829
BD-15001,399,3,52
BD-15601,188,2,137
BD-15602,91,3,1427
BD-16051,276,3,208
BD-16052,353,2,481
BD-16201,217,4,429
BD-16202,118,7,2494
BD-16351,465,4,592
BD-16352,325,5,5095
BD-17251,101,4,2849
BD-17252,149,9,2229
BD-17701,454,3,1630
BD-17702,239,2,1775
BE-113351,36,9,10731
BE-113352,91,12,5882
BE-113353,80,11,6342
BE-113354,120,5,4205
BE-114101,121,10,5536
BE-114102,85,7,7623
BE-114103,191,8,1131
BE-114104,99,5,2262
BE-114551,28,9,11483
BE-114552,4,7,2971
BE-114553,185,5,1464
BE-114554,255,6,1728
BE-13351,868,2,705
BE-13352,573,3,615
BE-14101,22,3,1718
BE-14102,65,4,141
BE-14551,147,1,937
BE-14552,547,1,403
BF-10051,1347,1,699
BF-10052,735,1,33
BF-10201,160,5,2217
BF-10202,97,2,789
BF-10801,674,3,1568
BF-10802,916,1,2183
BF-10803,210,2,58
BF-109751,36,9,3856
BF-109752,120,2,2455
BF-109753,531,4,1196
BF-109754,92,7,600
BF-110051,9,9,14563
BF-110052,55,7,3911
BF-110053,92,5,3540
BF-110054,40,4,1336
BF-110201,113,3,1704
BF-110202,16,8,3939
BF-110203,189,5,1668
BF-110204,75,8,2889
BF-110801,56,9,5973
BF-110802,335,4,2303
BF-110803,159,5,1583
BF-110804,26,3,274
BF-111701,58,4,7092
BF-111702,59,8,6134
BF-111703,20,8,3179
BF-111704,17,11,5909
BF-112151,134,10,4587
BF-112152,27,7,2734
BF-112153,483,6,4064
BF-112154,66,4,1586
BF-112751,737,1,407
BF-112752,7,10,4357
BF-112753,7,9,4024
BF-112754,58,3,791
BF-11701,551,2,268
BF-11702,194,4,637
BF-12151,118,5,399
BF-12751,1119,1,24
BF-12752,129,6,985
BF-9751,287,5,1009
BF-9752,23,3,722
BG-10351,601,1,124
BG-110351,117,9,6713
BG-110352,30,6,7445
BG-110353,136,10,2942
BG-110354,29,8,2799
BG-116951,69,6,3436
BG-116952,384,1,662
BG-116953,10,6,4753
BG-116954,37,6,1873
BG-117401,85,6,4900
BG-117402,7,7,3270
BG-117403,119,5,5513
BG-117404,58,6,1006
BG-16951,45,4,413
BG-16952,481,1,76
BG-17401,17,2,145
BG-17402,44,2,547
BH-117101,29,4,2412
BH-117102,52,6,7089
BH-117103,52,13,7779
BH-117104,24,8,6256
BH-17101,274,3,1333
BH-17102,94,7,3251
BK-112601,29,7,6899
BK-112602,27,8,3859
BK-112603,108,6,1877
BK-112604,78,6,659
BK-12601,125,1,214
BK-12602,41,5,78
BM-111401,143,7,6930
BM-111402,12,6,1344
BM-111403,9,12,5250
BM-111404,308,4,11791
BM-11401,371,2,86
BM-11402,14,4,1772
BM-115751,45,9,6011
BM-115752,94,4,625
BM-115753,35,6,2908
BM-115754,101,6,809
BM-116501,157,3,835
BM-116502,155,7,3296
BM-116503,199,3,3497
BM-116504,34,11,6749
BM-117851,41,14,10399
BM-117852,3,7,4330
BM-117853,37,5,2377
BM-117854,219,10,1338
BM-15751,41,5,1368
BM-15752,198,4,334
BM-16501,1190,2,341
BM-16502,1154,1,17
BM-16503,482,5,2180
BM-17851,85,7,2096
BM-17852,49,2,149
BN-114701,181,10,13672
BN-114702,36,6,3729
BN-114703,12,9,5710
BN-114704,25,4,266
BN-115151,76,4,1364
BN-115152,21,5,2433
BN-115153,433,9,5014
BN-115154,10,5,1460
BN-14701,23,3,1325
BN-14702,52,4,1498
BN-15151,100,4,773
BN-15152,28,4,1834
BO-113501,140,8,3754
BO-113502,112,4,815
BO-113503,1115,3,225
BO-113504,138,5,2682
BO-114251,6,7,1939
BO-114252,175,8,6314
BO-114253,98,4,3974
BO-114254,76,2,131
BO-13501,22,3,477
BO-13502,329,3,140
BO-14251,2,4,1560
BO-14252,376,4,1111
BP-10501,121,4,2953
BP-10502,12,5,2031
BP-10951,218,3,414
BP-10952,12,3,1346
BP-110501,364,3,671
BP-110502,6,7,1581
BP-110503,42,6,2170
BP-110504,84,5,983
BP-110951,54,4,900
BP-110952,3,8,2425
BP-110953,331,8,2560
BP-110954,18,12,2442
BP-111551,33,6,801
BP-111552,50,7,7590
BP-111553,43,5,3610
BP-111554,90,6,1698
BP-111851,37,5,4436
BP-111852,14,7,4348
BP-111853,447,7,2919
BP-111854,2,9,3676
BP-112301,73,7,4264
BP-112302,150,5,5519
BP-112303,114,6,1612
BP-112304,40,5,1181
BP-112901,101,8,3172
BP-112902,14,5,3892
BP-112903,258,9,2908
BP-112904,13,7,2472
BP-11551,420,1,87
BP-11552,975,1,175
BP-11553,262,4,850
BP-11851,5,4,580
BP-11852,6,6,850
BP-12301,390,4,5496
BP-12302,84,4,642
BP-12901,370,1,65
BP-12902,752,3,318
BS-113651,1,4,1321
BS-113652,120,5,4186
BS-113653,26,12,6543
BS-113654,559,5,10502
BS-113801,115,6,8133
BS-113802,94,4,1671
BS-113803,273,8,4614
BS-113804,29,5,3888
BS-115901,83,7,2791
BS-115902,372,6,4036
BS-115903,428,4,2078
BS-115904,36,6,2455
BS-116651,120,4,4658
BS-116652,30,9,3734
BS-116653,37,8,5789
BS-116654,583,3,3288
BS-117551,283,7,6031
BS-117552,7,6,4698
BS-117553,19,9,4263
BS-117554,2,7,2564
BS-118001,220,5,4711
BS-118002,135,6,3002
BS-118003,10,8,2224
BS-118004,266,2,950
BS-13651,604,3,807
BS-13652,38,2,152
BS-13801,132,3,160
BS-13802,428,2,310
BS-15901,618,2,35
BS-15902,238,3,784
BS-16651,510,3,1016
BS-16652,153,4,4088
BS-17551,296,4,1675
BS-17552,818,1,3
BS-18001,12,5,4163
BS-18002,391,4,2203
BT-113051,254,3,2394
BT-113052,29,8,2919
BT-113053,94,8,2443
BT-113054,337,5,2568
BT-113951,86,8,3596
BT-113952,29,8,5228
BT-113953,295,2,337
BT-113954,303,6,2188
BT-114401,52,5,3168
BT-114402,318,6,2016
BT-114403,367,6,2476
BT-114404,561,4,605
BT-114851,79,8,2681
BT-114852,161,9,4105
BT-114853,31,10,1678
BT-114854,660,2,415
BT-115301,58,6,6924
BT-115302,44,7,2488
BT-115303,34,7,1711
BT-115304,92,5,2684
BT-116801,19,10,8849
BT-116802,1035,2,1499
BT-116803,117,3,543
BT-116804,21,7,3197
BT-13051,32,6,916
BT-13052,566,4,391
BT-13951,34,3,205
BT-13952,191,1,244
BT-14401,122,4,541
BT-14402,94,6,1594
BT-14851,458,3,174
BT-14852,98,6,2630
BT-15301,461,2,105
BT-15302,353,1,832
BT-15303,897,4,599
BT-16801,58,2,482
BT-16802,183,2,326
BV-112451,138,4,6258
BV-112452,45,10,10437
BV-112453,125,3,2464
BV-112454,335,5,1522
BV-12451,129,3,685
BW-10651,23,4,8957
BW-10652,188,1,70
BW-110651,51,5,3107
BW-110652,181,5,1640
BW-110653,118,5,3280
BW-110654,213,3,386
BW-11101,185,4,411
BW-11102,1286,1,17
BW-11103,258,5,1268
BW-111101,199,12,12267
BW-111102,55,10,10278
BW-111103,405,5,3206
BW-111104,122,8,4752
BW-112001,41,9,4381
BW-112002,57,4,1183
BW-112003,182,10,4557
BW-112004,204,6,1738
BW-12001,134,3,2997
BW-12002,385,1,109
CA-119651,100,7,11653
CA-119652,45,9,4077
CA-119653,19,4,1591
CA-119654,97,6,3789
CA-120551,14,5,2746
CA-120552,127,7,4018
CA-120553,94,5,2248
CA-120554,402,5,1679
CA-122651,35,9,3988
CA-122652,52,6,9234
CA-122653,184,7,2601
CA-122654,57,9,2649
CA-123101,198,5,1091
CA-123102,15,7,2734
CA-123103,281,5,1920
CA-123104,14,4,1423
CA-127751,568,5,11493
CA-127752,94,6,2181
CA-127753,187,8,1635
CA-127754,121,7,3040
CA-19651,187,3,435
CA-19652,128,5,2448
CA-20551,990,1,1002
CA-20552,259,2,600
CA-22651,134,1,321
CA-22652,106,6,3042
CA-23101,337,3,221
CA-23102,505,2,414
CA-27751,478,2,742
CA-27752,310,2,743
CB-120251,177,5,3393
CB-120252,98,5,1475
CB-120253,10,5,744
CB-120254,48,10,6076
CB-124151,1127,1,311
CB-124152,461,6,5679
CB-124153,37,8,4766
CB-124154,27,8,1949
CB-125351,43,3,3987
CB-125352,45,8,7379
CB-125353,90,8,2500
CB-125354,198,8,4247
CB-20251,23,5,1841
CB-24151,1407,1,64
CB-24152,517,3,1169
CB-25351,8,1,116
CB-25352,353,1,32
CC-121001,133,3,1317
CC-121002,148,7,4417
CC-121003,52,9,3997
CC-121004,458,6,1771
CC-121451,83,7,4483
CC-121452,252,7,4945
CC-121453,409,3,292
CC-121454,107,7,2473
CC-122201,57,5,850
CC-122202,100,7,1995
CC-122203,668,8,550
CC-122204,21,12,3914
CC-123701,145,12,9524
CC-123702,80,9,5455
CC-123703,255,4,1122
CC-123704,44,5,12128
CC-124301,48,9,5193
CC-124302,677,1,57
CC-124303,7,9,5878
CC-124304,1,10,2869
CC-124751,196,9,7015
CC-124752,192,5,2705
CC-124753,17,7,5779
CC-124754,40,9,1659
CC-125501,324,6,4195
CC-125502,194,8,1689
CC-125503,147,8,1915
CC-125504,28,3,113
CC-126101,17,11,5637
CC-126102,70,8,6492
CC-126103,89,3,2152
CC-126104,35,7,2541
CC-126701,28,9,4766
CC-126702,17,4,1384
CC-126703,90,8,1548
CC-126704,30,7,2271
CC-126851,55,6,4893
CC-126852,266,7,4745
CC-126853,155,3,304
CC-126854,800,4,2854
CC-21001,61,2,513
CC-21002,146,3,507
CC-21451,777,3,671
CC-21452,505,3,486
CC-22201,111,3,1568
CC-22202,486,5,944
CC-22203,22,4,1662
CC-23701,7,3,1414
CC-23702,7,6,5544
CC-24301,853,1,154
CC-24302,472,1,889
CC-24751,346,4,2488
CC-24752,1339,1,701
CC-24753,56,2,519
CC-25501,272,3,321
CC-25502,1219,2,1112
CC-26101,345,3,782
CC-26701,916,2,658
CC-26702,147,4,870
CC-26851,132,4,3954
CC-26852,507,1,65
CD-119201,44,5,7581
CD-119202,3,9,7413
CD-119203,98,8,1267
CD-119204,41,5,2035
CD-119801,37,6,4610
CD-119802,2,7,3430
CD-119803,89,7,3170
CD-119804,55,3,641
CD-122801,173,7,10763
CD-122802,42,6,3185
CD-122803,127,9,1628
CD-122804,43,2,1206
CD-127901,248,3,1025
CD-127902,141,13,10120
CD-127903,77,4,463
CD-127904,400,5,1861
CD-19201,315,2,1602
CD-19202,393,2,219
CD-19801,7,3,996
CD-19802,256,2,156
CD-19803,332,2,229
CD-22801,13,4,566
CD-22802,61,3,638
CD-27901,134,4,853
CD-27902,132,3,121
CG-120401,22,7,1925
CG-120402,384,2,373
CG-120403,393,4,393
CG-120404,50,6,906
CG-125201,29,6,6267
CG-125202,51,6,3538
CG-125203,54,3,2591
CG-125204,339,3,1148
CG-20401,499,2,36
CG-20402,379,3,483
CG-25201,120,4,180
CG-25202,216,3,938
CH-120701,132,5,2440
CH-120702,142,9,6312
CH-120703,90,4,832
CH-120704,692,3,1537
CH-20701,475,3,528
CH-20702,307,5,4018
CJ-118751,54,11,9269
CJ-118752,350,6,761
CJ-118753,14,5,2494
CJ-118754,366,1,17
CJ-120101,323,4,1948
CJ-120102,34,6,1283
CJ-120103,40,8,4961
CJ-120104,190,8,11165
CJ-18751,33,2,411
CJ-18752,115,4,1020
CJ-20101,47,2,116
CJ-20102,898,1,109
CK-122051,79,11,4487
CK-122052,45,7,4774
CK-122053,5,7,1207
CK-122054,40,13,3154
CK-123251,71,7,1916
CK-123252,96,6,1353
CK-123253,62,9,3713
CK-123254,121,5,2946
CK-125951,129,7,7018
CK-125952,130,8,4945
CK-125953,44,7,2144
CK-125954,44,11,2372
CK-127601,931,4,1002
CK-127602,58,6,2293
CK-127603,87,7,1700
CK-127604,83,9,1583
CK-22051,80,1,3
CK-22052,94,4,947
CK-23251,1,4,260
CK-23252,197,4,2867
CK-25951,216,2,115
CK-25952,616,1,547
CK-27601,38,5,2081
CK-27602,303,7,1937
CL-118901,128,7,6746
CL-118902,14,6,2709
CL-118903,45,14,6904
CL-118904,107,4,1262
CL-125651,27,3,724
CL-125652,6,9,3424
CL-125653,125,6,1979
CL-125654,285,12,10881
CL-127001,9,9,10184
CL-127002,41,8,2902
CL-127003,22,9,2506
CL-127004,106,5,2354
CL-18901,315,5,325
CL-18902,559,1,53
CL-18903,93,3,181
CL-25651,206,4,2713
CL-25652,43,2,63
CL-27001,142,2,1393
CL-27002,192,2,39
CM-118151,78,4,4625
CM-118152,41,7,5045
CM-118153,99,6,3020
CM-118154,132,6,1676
CM-118301,36,7,4081
CM-118302,7,11,11303
CM-118303,72,6,1447
CM-119351,126,6,3551
CM-119352,75,6,2261
CM-119353,37,4,3313
CM-119354,709,2,565
CM-121151,120,7,7631
CM-121152,468,4,3738
CM-121153,62,5,1467
CM-121154,9,4,1662
CM-121601,98,8,8870
CM-121602,268,7,2667
CM-121603,166,5,3840
CM-121604,27,6,2533
CM-121901,94,5,2052
CM-121902,276,6,5985
CM-121903,1,8,1864
CM-121904,9,6,1475
CM-122351,45,7,4720
CM-122352,43,6,2006
CM-122353,403,4,2346
CM-122354,386,5,2306
CM-123851,58,11,7050
CM-123852,367,4,975
CM-123853,154,6,4902
CM-123854,38,4,8953
CM-124451,55,6,3891
CM-124452,85,5,4322
CM-124453,16,11,3473
CM-124454,437,3,287
CM-126551,379,5,1068
CM-126552,328,2,4740
CM-126553,185,5,2041
CM-126554,28,6,6340
CM-127151,162,3,1650
CM-127152,42,6,1243
CM-127153,234,6,1513
CM-127154,1036,4,3985
CM-18151,62,4,392
CM-18152,469,1,40
CM-18301,149,5,3061
CM-18302,114,8,1716
CM-19351,49,4,160
CM-19352,647,3,298
CM-21151,21,2,1304
CM-21152,311,1,604
CM-21601,50,4,2144
CM-21602,1233,1,102
CM-21901,153,3,1317
CM-21902,787,1,134
CM-22351,52,1,8
CM-22352,157,4,235
CM-23851,575,3,553
CM-23852,1120,1,27
CM-24451,1016,1,341
CM-24452,349,3,1401
CM-26551,51,5,412
CM-26552,148,7,979
CM-27151,954,3,629
CM-27152,118,4,2210
CP-120851,435,3,3889
CP-120852,70,5,1632
CP-120853,177,7,3262
CP-120854,83,8,5401
CP-123401,131,7,6559
CP-123402,9,7,2537
CP-123403,30,8,5127
CP-123404,161,8,5889
CP-20851,143,3,1887
CP-20852,418,1,885
CP-20853,638,6,2814
CP-23401,464,3,4136
CP-23402,1080,1,909
CR-125801,23,8,4013
CR-125802,155,5,2143
CR-125803,37,3,397
CR-125804,58,4,2149
CR-126251,317,12,13043
CR-126252,197,6,1164
CR-126253,44,7,2593
CR-126254,471,3,475
CR-127301,127,10,8626
CR-127302,23,3,1625
CR-127303,108,7,7637
CR-127304,79,4,1600
CR-128201,76,4,5354
CR-128202,61,8,1284
CR-128203,65,9,6434
CR-128204,86,3,1397
CR-25801,35,3,2793
CR-25802,282,2,264
CR-26251,201,5,1216
CR-26252,307,1,100
CR-26253,140,3,3763
CR-27301,6,6,986
CR-27302,248,5,374
CR-28201,56,4,600
CR-28202,199,4,588
CS-118451,16,11,16655
CS-118452,69,5,850
CS-118453,175,5,1689
CS-118454,92,5,1279
CS-118601,512,2,2474
CS-118602,78,6,4358
CS-118603,394,7,3188
CS-118604,163,6,538
CS-119501,122,6,3771
CS-119502,46,7,3883
CS-119503,573,7,3530
CS-119504,26,11,3038
CS-121301,12,9,4964
CS-121302,471,4,3528
CS-121303,57,5,1603
CS-121304,490,4,885
CS-121751,61,17,13516
CS-121752,117,4,1748
CS-121753,119,3,602
CS-121754,233,5,844
CS-122501,55,5,2520
CS-122502,27,8,5663
CS-122503,101,5,1560
CS-122504,27,12,2757
CS-123551,35,5,3244
CS-123552,128,4,568
CS-123553,30,11,2227
CS-123554,7,11,3201
CS-124001,222,4,2117
CS-124002,28,5,1413
CS-124003,2,5,3041
CS-124004,3,9,3651
CS-124601,296,7,8390
CS-124602,7,7,6210
CS-124603,111,7,4937
CS-124604,28,2,551
CS-124901,78,8,2831
CS-124902,3,8,1506
CS-124903,84,10,5698
CS-124904,425,4,1076
CS-125051,197,3,2179
CS-125052,827,1,503
CS-125053,28,6,3164
CS-125054,59,6,5691
CS-18451,25,3,204
CS-18452,405,5,1390
CS-18601,590,4,861
CS-18602,51,5,760
CS-19501,136,2,533
CS-19502,237,2,80
CS-19503,500,1,101
CS-21301,306,2,466
CS-21302,1017,1,25
CS-21303,527,1,877
CS-21751,58,2,1380
CS-21752,256,3,1960
CS-22501,1190,1,179
CS-22502,3,3,1739
CS-23551,56,3,925
CS-23552,57,6,381
CS-24001,12,3,1742
CS-24002,780,2,552
CS-24601,339,3,1707
CS-24602,203,5,964
CS-24901,170,1,14
CS-24902,498,2,1650
CS-25051,521,4,1804
CS-25052,51,3,91
CT-119951,322,4,4812
CT-119952,199,9,3598
CT-119953,29,6,2064
CT-119954,97,8,3241
CT-19951,784,2,424
CV-122951,40,5,2602
CV-122952,73,4,670
CV-122953,52,6,2940
CV-122954,255,5,2832
CV-128051,5,5,3384
CV-128052,35,5,3926
CV-128053,939,1,84
CV-128054,6,9,2372
CV-22951,111,4,387
CV-22952,86,5,896
CV-28051,418,3,3070
CV-28052,258,4,2021
CW-119051,197,6,2652
CW-119052,9,8,7410
CW-119053,360,5,1721
CW-119054,23,6,1138
CW-19051,385,3,922
CW-19052,1241,1,514
CY-127451,70,8,3267
CY-127452,120,8,3642
CY-127453,368,7,4118
CY-127454,61,8,2900
CY-27451,493,3,262
CY-27452,1336,1,31
Co-126401,5,8,6813
Co-126402,20,6,1560
Co-126403,293,6,2607
Co-126404,550,5,1300
Co-26401,1092,3,755
Co-26402,363,2,14
DA-134501,124,6,3460
DA-134502,161,7,2972
DA-134503,14,8,6447
DA-134504,353,4,157
DA-34501,951,2,1237
DA-34502,15,2,975
DB-129101,131,4,1088
DB-129102,147,5,5773
DB-129103,3,10,3307
DB-129104,22,8,2172
DB-129701,218,2,808
DB-129702,808,4,5520
DB-129703,242,5,2840
DB-130601,17,7,9904
DB-130602,442,8,7873
DB-130603,48,4,1169
DB-130604,17,7,4532
DB-131201,918,3,350
DB-131202,6,4,1953
DB-131203,29,2,327
DB-131204,49,7,2974
DB-132101,17,7,2179
DB-132102,8,5,6544
DB-132103,22,5,2689
DB-132104,10,10,2333
DB-132701,34,8,2386
DB-132702,10,6,4532
DB-132703,1122,3,118
DB-132704,54,8,4655
DB-133601,48,8,2322
DB-133602,239,8,1498
DB-133603,68,7,2018
DB-133604,265,5,1081
DB-134051,29,8,8105
DB-134052,483,7,2879
DB-134053,108,7,3390
DB-134054,188,4,1712
DB-135551,41,8,2331
DB-135552,73,2,1202
DB-135553,37,5,1971
DB-135554,108,7,3909
DB-136151,28,5,2567
DB-136152,578,9,3874
DB-136153,118,7,1602
DB-136154,34,7,1989
DB-136601,31,6,4522
DB-136602,402,4,3961
DB-136603,282,3,1758
DB-136604,13,7,1156
DB-29101,334,2,792
DB-29102,499,2,1180
DB-29103,55,4,1080
DB-29701,219,1,181
DB-29702,58,3,332
DB-30601,247,3,631
DB-30602,9,5,1441
DB-31201,673,2,206
DB-31202,359,2,465
DB-32101,629,6,370
DB-32102,583,1,17
DB-32701,532,1,662
DB-32702,49,1,225
DB-33601,435,2,3691
DB-34051,558,2,548
DB-35551,6,1,131
DB-35552,42,2,840
DB-36151,108,3,2686
DB-36152,126,1,137
DB-36601,238,1,728
DB-36602,812,2,1479
DC-128501,98,7,3085
DC-128502,72,3,1339
DC-128503,42,10,1548
DC-128504,38,9,3336
DC-132851,451,2,440
DC-132852,120,5,7308
DC-132853,19,11,7248
DC-132854,24,5,1175
DC-28501,316,4,1476
DC-28502,35,2,2091
DC-28503,201,3,564
DC-32851,738,2,574
DC-32852,393,2,227
DD-135701,111,2,551
DD-135702,145,10,6899
DD-135703,78,6,1023
DD-135704,42,6,269
DD-35701,64,5,1823
DD-35702,141,3,506
DE-132551,20,5,3761
DE-132552,29,4,1269
DE-132553,131,8,2503
DE-132554,720,5,2551
DE-32551,521,2,142
DE-32552,49,6,2573
DF-131351,10,8,4201
DF-131352,47,4,3288
DF-131353,416,3,359
DF-131354,701,3,2391
DF-31351,44,2,1049
DF-31352,926,2,252
DG-133001,108,10,5020
DG-133002,128,6,2484
DG-133003,31,7,3034
DG-133004,33,5,3195
DG-33001,379,5,2949
DG-33002,15,1,33
DH-130751,76,5,3831
DH-130752,112,5,2386
DH-130753,93,9,2978
DH-130754,278,6,4933
DH-136751,93,3,3433
DH-136752,22,3,2518
DH-136753,24,7,822
DH-136754,777,4,1042
DH-30751,160,6,1587
DH-30752,490,4,476
DH-36751,120,6,3412
DH-36752,933,1,30
DH-36753,21,5,1220
DJ-134201,51,7,5230
DJ-134202,23,11,11158
DJ-134203,433,6,3740
DJ-134204,638,4,2012
DJ-135101,7,6,2668
DJ-135102,167,7,4513
DJ-135103,85,10,5736
DJ-135104,49,8,2502
DJ-136301,66,11,4266
DJ-136302,420,9,2730
DJ-136303,325,4,2206
DJ-136304,13,3,3357
DJ-34201,115,3,263
DJ-34202,2,1,158
DJ-35101,119,3,2406
DJ-35102,583,1,194
DJ-35103,7,3,3376
DJ-36301,254,2,245
DJ-36302,35,4,1048
DK-128351,58,7,2628
DK-128352,178,5,4960
DK-128353,58,8,6745
DK-128354,22,12,3256
DK-128951,55,5,6372
DK-128952,58,5,2533
DK-128953,273,7,5157
DK-128954,46,5,4283
DK-129851,2,12,5573
DK-129852,38,9,2819
DK-129853,98,9,4743
DK-129854,8,5,1687
DK-130901,9,18,10186
DK-130902,25,6,5428
DK-130903,76,5,916
DK-130904,43,7,2652
DK-131501,72,8,4872
DK-131502,168,6,5970
DK-131503,422,6,4340
DK-131504,11,2,798
DK-132251,2,8,652
DK-132252,27,6,1819
DK-132253,84,6,1972
DK-132254,11,9,4802
DK-133751,86,6,4420
DK-133752,55,5,3069
DK-133753,5,7,5450
DK-133754,20,8,3318
DK-28351,108,3,1830
DK-28352,22,8,1542
DK-28951,147,2,254
DK-28952,160,4,1039
DK-29851,1207,1,81
DK-30901,69,2,67
DK-30902,168,1,207
DK-31501,58,4,333
DK-31502,213,10,1246
DK-32251,66,5,822
DK-32252,251,3,585
DK-33751,118,4,1764
DK-33752,1395,1,60
DK-33753,307,5,2022
DL-128651,58,7,4683
DL-128652,119,10,3023
DL-128653,176,9,1977
DL-128654,101,8,1504
DL-129251,58,6,4807
DL-129252,1413,1,117
DL-129253,69,8,3169
DL-129254,58,6,3274
DL-133151,225,4,1850
DL-133152,19,9,13191
DL-133153,35,6,2007
DL-133154,23,8,1458
DL-133301,13,10,9729
DL-133302,205,9,4514
DL-133303,28,11,1949
DL-133304,58,4,585
DL-134951,509,5,4541
DL-134952,23,8,5618
DL-134953,56,6,2176
DL-134954,77,8,3540
DL-28651,203,2,926
DL-28652,502,1,256
DL-28653,274,4,321
DL-29251,38,2,356
DL-29252,156,5,478
DL-33151,48,3,715
DL-33152,104,3,1031
DL-33301,953,1,14
DL-33302,706,1,156
DL-33303,856,1,989
DL-34951,461,3,655
DL-34952,283,2,118
DM-129551,161,7,7348
DM-129552,41,9,3887
DM-129553,266,9,7304
DM-129554,115,7,1321
DM-130151,6,10,5904
DM-130152,6,10,2930
DM-130153,97,3,448
DM-130154,58,7,6344
DM-133451,91,7,6883
DM-133452,3,8,4806
DM-133453,569,4,1290
DM-133454,23,8,4074
DM-135251,324,6,2553
DM-135252,59,4,3505
DM-135253,36,6,2208
DM-135254,482,3,1378
DM-29551,651,3,878
DM-29552,709,1,139
DM-29553,13,5,1420
DM-30151,3,3,966
DM-30152,31,3,1141
DM-33451,146,3,334
DM-33452,462,3,4664
DM-35251,1151,1,246
DM-35252,324,2,1183
DM-35253,322,3,763
DN-136901,20,6,2649
DN-136902,42,5,3020
DN-136903,266,6,5290
DN-136904,218,7,2139
DN-36901,13,3,735
DN-36902,435,1,949
DN-36903,594,1,133
DO-134351,162,8,9101
DO-134352,288,3,2697
DO-134353,65,12,2184
DO-134354,134,9,1298
DO-136451,380,6,6540
DO-136452,107,6,2329
DO-136453,231,6,1947
DO-136454,27,7,1267
DO-34351,37,5,2261
DO-34352,72,5,1256
DO-36451,169,2,251
DO-36452,129,1,1112
DO-36453,42,2,326
DP-130001,62,7,3395
DP-130002,90,10,6306
DP-130003,395,5,3135
DP-130004,127,9,1051
DP-131051,99,6,11883
DP-131052,133,2,926
DP-131053,65,9,3906
DP-131054,7,8,2215
DP-131651,359,7,11836
DP-131652,57,9,7444
DP-131653,8,7,1874
DP-131654,813,2,1059
DP-133901,134,7,1889
DP-133902,1,6,1773
DP-133903,246,5,1141
DP-133904,359,9,5482
DP-30001,49,5,1107
DP-30002,1193,1,30
DP-30003,15,4,956
DP-31051,65,4,5858
DP-31052,177,2,1113
DP-31651,8,5,1364
DP-31652,1105,1,153
DP-33901,1255,2,714
DP-33902,101,1,91
DP-33903,13,3,571
DR-128801,30,7,3328
DR-128802,197,7,1894
DR-128803,7,9,2664
DR-128804,4,9,6527
DR-129401,76,11,10943
DR-129402,28,7,4652
DR-129403,49,7,1696
DR-129404,51,8,8352
DR-28801,266,5,1091
DR-28802,5,3,1201
DR-29401,40,6,2065
DR-29402,305,2,224
DS-130301,136,6,3254
DS-130302,278,6,2082
DS-130303,153,10,4547
DS-130304,94,4,1762
DS-131801,119,4,3598
DS-131802,119,5,1632
DS-131803,15,13,5338
DS-131804,24,9,2882
DS-30301,49,2,691
DS-30302,185,4,947
DS-31801,324,1,177
DS-31802,72,1,7
DV-130451,41,5,5756
DV-130452,97,6,2210
DV-130453,122,8,9018
DV-130454,20,5,1122
DV-134651,195,5,3861
DV-134652,409,2,412
DV-134653,191,7,5297
DV-134654,30,6,3343
DV-30451,631,3,1269
DV-30452,34,10,3374
DV-34651,27,2,162
DV-34652,14,3,3876
DW-131951,7,13,7327
DW-131952,28,3,756
DW-131953,90,4,526
DW-131954,70,6,1079
DW-134801,66,7,5313
DW-134802,185,4,3412
DW-134803,213,7,2340
DW-134804,218,5,5272
DW-135401,13,4,3800
DW-135402,34,5,5296
DW-135403,95,6,3729
DW-135404,99,5,343
DW-135851,6,11,4415
DW-135852,13,8,1490
DW-135853,83,11,5034
DW-135854,243,7,1205
DW-31951,1148,1,55
DW-31952,1064,3,1187
DW-34801,168,4,1339
DW-34802,495,2,2469
DW-34803,56,6,3311
DW-35401,55,1,25
DW-35402,1196,1,428
DW-35403,920,2,763
DW-35851,29,3,435
DW-35852,148,1,27
Dl-136001,6,8,8124
Dl-136002,161,6,2973
Dl-136003,86,1,59
Dl-136004,120,5,756
Dl-36001,190,6,993
Dl-36002,112,4,1815
Dp-132401,252,6,9845
Dp-132402,91,2,980
Dp-132403,19,9,4201
Dp-132404,85,11,7199
Dp-32401,470,4,382
Dp-32402,26,2,128
Dp-32403,1170,1,98
EA-140351,94,6,2922
EA-140352,579,3,1337
EA-140353,192,9,4285
EA-140354,153,13,2846
EA-40351,166,3,131
EB-137051,76,8,1641
EB-137052,710,6,3127
EB-137053,265,7,3972
EB-137054,49,9,3643
EB-137501,363,2,1120
EB-137502,33,5,2024
EB-137503,91,3,2109
EB-137504,36,10,3236
EB-138401,442,5,4078
EB-138402,3,10,9895
EB-138403,196,5,1856
EB-138404,91,5,4358
EB-138701,16,4,2920
EB-138702,18,4,1071
EB-138703,73,1,93
EB-138704,101,10,2768
EB-139301,20,8,3305
EB-139302,76,3,4727
EB-139303,598,2,557
EB-139304,162,5,944
EB-139751,20,9,1985
EB-139752,143,6,4893
EB-139753,1,13,4883
EB-139754,1,4,1644
EB-141101,282,5,3471
EB-141102,54,10,6522
EB-141103,36,3,601
EB-141104,114,6,3073
EB-141701,132,6,1788
EB-141702,358,1,419
EB-141703,20,10,3344
EB-141704,83,6,1187
EB-37051,399,2,2720
EB-37052,1324,1,422
EB-37501,1135,1,173
EB-37502,185,5,766
EB-38401,619,1,9
EB-38402,1260,1,1444
EB-38403,44,4,346
EB-38701,602,3,84
EB-38702,498,2,101
EB-39301,31,4,1462
EB-39302,8,5,972
EB-39751,781,4,2074
EB-39752,36,5,640
EB-41101,58,5,1475
EB-41102,21,5,943
EB-41701,55,4,872
EB-41702,705,2,396
EC-140501,112,7,2733
EC-140502,244,3,231
EC-140503,771,4,1003
EC-140504,54,5,462
EC-40501,163,3,1537
EC-40502,210,4,765
ED-138851,80,7,6533
ED-138852,16,8,3080
ED-138853,45,8,4922
ED-138854,136,8,3487
ED-38851,756,2,166
ED-38852,624,1,15
ED-38853,57,5,346
EG-139001,84,4,5381
EG-139002,142,7,6883
EG-139003,37,5,2468
EG-139004,23,5,1833
EG-39001,90,6,5151
EG-39002,52,5,1398
EH-137651,3,8,5217
EH-137652,174,5,3774
EH-137653,19,4,958
EH-137654,136,12,10313
EH-139451,121,5,562
EH-139452,191,4,3265
EH-139453,58,10,3320
EH-139454,218,8,684
EH-139901,45,9,6141
EH-139902,103,4,979
EH-139903,68,7,862
EH-139904,406,6,827
EH-140051,73,9,1941
EH-140052,15,4,4728
EH-140053,29,8,2489
EH-140054,3,7,1220
EH-141251,103,8,4073
EH-141252,125,8,7494
EH-141253,230,5,2760
EH-141254,153,10,3084
EH-141851,272,9,6225
EH-141852,224,6,3744
EH-141853,68,8,1906
EH-141854,106,6,925
EH-37651,129,8,605
EH-37652,1120,1,405
EH-39451,112,3,1193
EH-39452,1351,1,223
EH-39453,486,5,1053
EH-39901,721,5,635
EH-39902,34,1,37
EH-40051,197,4,976
EH-40052,197,3,1654
EH-41251,23,7,1087
EH-41252,70,6,3926
EH-41851,129,5,1863
EH-41852,122,3,1714
EJ-137201,50,6,4136
EJ-137202,183,4,537
EJ-137203,121,8,2136
EJ-137204,303,4,2161
EJ-141551,28,7,4223
EJ-141552,49,6,2313
EJ-141553,600,5,3131
EJ-141554,58,5,2657
EJ-37201,213,5,1204
EJ-37202,157,3,525
EJ-41551,23,3,1841
EJ-41552,141,2,792
EK-137951,114,6,1103
EK-137952,93,5,2758
EK-137953,220,2,432
EK-137954,45,4,1302
EK-37951,394,2,174
EK-37952,213,4,1355
EL-137351,293,6,4219
EL-137352,146,6,3520
EL-137353,54,9,2651
EL-137354,78,2,125
EL-37351,27,6,1976
EL-37352,202,5,1718
EM-138101,273,5,7229
EM-138102,79,5,1467
EM-138103,104,8,2290
EM-138104,133,5,2567
EM-138251,351,5,4013
EM-138252,283,6,4427
EM-138253,138,7,3349
EM-138254,56,8,2340
EM-139601,3,16,14324
EM-139602,17,10,5759
EM-139603,303,6,4212
EM-139604,152,5,934
EM-140651,17,5,4264
EM-140652,180,2,5518
EM-140653,210,6,2097
EM-140654,48,4,228
EM-140951,194,4,3189
EM-140952,290,6,5336
EM-140953,9,3,1324
EM-140954,114,4,1041
EM-141401,176,9,10563
EM-141402,429,6,741
EM-141403,25,9,5617
EM-141404,49,6,4589
EM-142001,120,7,7725
EM-142002,87,5,3557
EM-142003,42,8,5438
EM-142004,159,3,367
EM-38101,59,4,166
EM-38102,318,2,865
EM-38251,967,2,41
EM-38252,938,1,13
EM-38253,483,3,325
EM-39601,195,4,1171
EM-39602,946,1,100
EM-39603,239,3,1585
EM-40651,150,4,1775
EM-40652,1239,1,139
EM-40653,53,4,1300
EM-40951,589,3,1759
EM-40952,878,1,193
EM-40953,132,5,881
EM-41401,578,4,639
EM-41402,94,2,1262
EM-42001,152,2,1922
EM-42002,152,2,663
EN-137801,15,5,1511
EN-137802,145,5,1957
EN-137803,31,6,668
EN-137804,288,4,2200
EN-37801,365,4,179
EN-37802,206,4,557
EP-139151,223,10,6827
EP-139152,106,5,2289
EP-139153,582,1,1686
EP-139154,13,17,5481
EP-39151,76,2,294
EP-39152,1284,1,193
ER-138551,297,5,2687
ER-138552,70,4,7927
ER-138553,134,7,1537
ER-138554,422,3,1245
ER-38551,54,2,464
ER-38552,113,5,3271
ES-140201,66,9,1940
ES-140202,1,11,4999
ES-140203,77,7,2377
ES-140204,41,5,3511
ES-140801,636,5,4914
ES-140802,188,5,2036
ES-140803,368,5,4628
ES-140804,29,9,4657
ES-40201,29,2,367
ES-40202,426,1,735
ES-40203,345,4,790
ES-40801,146,6,960
ES-40802,276,3,965
FA-142301,23,5,2177
FA-142302,147,12,7077
FA-142303,39,5,1297
FA-142304,98,7,2984
FA-42301,185,5,172
FA-42302,342,1,643
FC-142451,43,8,4133
FC-142452,462,4,752
FC-142453,199,4,2566
FC-142454,71,7,3419
FC-143351,148,6,2788
FC-143352,185,4,914
FC-143353,108,6,1180
FC-143354,185,7,3890
FC-42451,492,3,946
FC-42452,584,3,594
FC-43351,1233,1,126
FC-43352,111,3,425
FG-142601,210,5,5148
FG-142602,92,4,2518
FG-142603,52,2,348
FG-142604,35,7,1383
FG-42601,111,3,83
FG-42602,156,1,26
FG-42603,476,5,198
FH-142751,379,2,5052
FH-142752,104,6,2972
FH-142753,5,5,1292
FH-142754,38,10,4257
FH-143501,49,3,2950
FH-143502,2,8,4000
FH-143503,115,5,1433
FH-143504,213,4,2273
FH-143651,100,7,2864
FH-143652,2,8,4470
FH-143653,43,7,13328
FH-143654,6,8,6989
FH-42751,237,2,34
FH-42752,135,3,79
FH-43501,15,2,45
FH-43502,1156,1,65
FH-43651,367,1,192
FH-43652,167,8,2561
FM-142151,219,7,4305
FM-142152,99,7,5513
FM-142153,255,7,2078
FM-142154,8,10,2456
FM-142901,106,7,3353
FM-142902,793,3,1407
FM-142903,81,11,5888
FM-142904,37,9,3737
FM-143801,239,5,2301
FM-143802,490,4,977
FM-143803,479,3,796
FM-143804,146,9,2523
FM-42151,469,2,1994
FM-42152,97,4,941
FM-42901,152,4,327
FM-42902,3,4,1676
FM-43801,217,1,49
FM-43802,2,5,795
FO-143051,79,7,4643
FO-143052,28,13,7365
FO-143053,23,7,929
FO-143054,39,10,2681
FO-43051,293,3,140
FO-43052,52,7,2017
FP-143201,145,8,3973
FP-143202,211,5,1172
FP-143203,30,8,751
FP-143204,24,8,4047
FP-43201,35,2,161
FP-43202,28,3,656
FW-143951,138,6,10886
FW-143952,301,5,2878
FW-143953,64,12,3118
FW-143954,363,3,81
FW-43951,692,3,683
FW-43952,1,5,537
GA-145151,540,2,1618
GA-145152,23,6,2146
GA-145153,429,8,2436
GA-145154,150,8,3922
GA-147251,3,7,5111
GA-147252,80,3,2145
GA-147253,338,3,167
GA-147254,6,11,1400
GA-45151,36,3,247
GA-45152,118,4,1070
GA-47251,71,4,1462
GB-145301,34,7,8129
GB-145302,251,3,1204
GB-145303,295,4,755
GB-145304,63,11,1569
GB-145751,156,5,1609
GB-145752,86,7,1786
GB-145753,71,7,2637
GB-145754,14,5,4717
GB-45301,209,2,375
GB-45302,114,1,21
GB-45303,171,2,130
GB-45751,210,4,1372
GB-45752,919,2,449
GD-145901,13,9,6939
GD-145902,344,9,5870
GD-145903,371,7,3307
GD-145904,6,4,1888
GD-45901,387,1,46
GD-45902,353,3,655
GG-146501,78,5,1906
GG-146502,34,10,7619
GG-146503,353,4,1154
GG-146504,44,9,2222
GG-46501,313,1,26
GG-46502,104,4,974
GH-144101,62,4,1228
GH-144102,21,13,6755
GH-144103,91,10,2856
GH-144104,76,9,2819
GH-144251,101,9,7621
GH-144252,20,11,6292
GH-144253,19,7,1956
GH-144254,51,4,4172
GH-144851,290,5,4446
GH-144852,52,9,7376
GH-144853,205,5,1509
GH-144854,388,2,1362
GH-146651,68,13,5986
GH-146652,6,8,4428
GH-146653,36,6,2359
GH-146654,3,2,147
GH-44101,298,4,967
GH-44102,477,5,644
GH-44251,84,7,3649
GH-44252,847,1,127
GH-44253,22,2,812
GH-44851,86,3,346
GH-44852,379,1,449
GH-46651,493,4,361
GH-46652,2,1,20
GH-46653,19,4,696
GK-146201,13,5,5556
GK-146202,80,5,3307
GK-146203,381,5,3856
GK-146204,113,9,6498
GK-46201,629,3,649
GK-46202,101,1,116
GM-144401,238,9,7407
GM-144402,20,6,2402
GM-144403,105,4,2390
GM-144404,84,7,3583
GM-144551,36,6,5109
GM-144552,366,3,2032
GM-144553,101,2,304
GM-144554,17,6,3078
GM-145001,190,3,1161
GM-145002,505,3,286
GM-145003,234,7,4003
GM-145004,107,10,1255
GM-146801,2,12,3550
GM-146802,8,5,3115
GM-146803,6,8,2181
GM-146804,153,6,3164
GM-146951,111,4,2548
GM-146952,197,5,4693
GM-146953,48,7,1272
GM-146954,118,3,6051
GM-44401,2,5,596
GM-44402,133,3,140
GM-44551,214,2,207
GM-44552,209,2,281
GM-45001,105,3,3670
GM-45002,372,2,628
GM-46801,1076,1,522
GM-46802,73,5,1068
GM-46951,260,3,474
GM-46952,223,4,317
GP-147401,57,5,5387
GP-147402,9,9,3409
GP-147403,2,9,1759
GP-147404,766,2,237
GP-47401,691,4,3415
GP-47402,152,4,1196
GR-145601,56,9,2840
GR-145602,50,6,2996
GR-145603,68,7,1773
GR-145604,1137,2,1285
GR-45601,154,4,4473
GR-45602,211,2,483
GT-146351,287,5,4010
GT-146352,66,8,3599
GT-146353,57,4,2121
GT-146354,57,3,9351
GT-147101,41,7,5858
GT-147102,70,6,11430
GT-147103,9,6,5364
GT-147104,37,11,11821
GT-147551,43,7,1073
GT-147552,69,8,2625
GT-147553,127,4,1678
GT-147554,35,4,227
GT-46351,10,5,1113
GT-46352,548,2,32
GT-47101,56,2,221
GT-47102,559,2,858
GT-47551,21,2,2475
GT-47552,721,1,249
GT-47553,1,5,734
GW-146051,105,9,8000
GW-146052,19,6,3745
GW-146053,456,3,2306
GW-146054,29,7,2190
GW-46051,475,5,565
GW-46052,15,3,1265
GZ-144701,149,8,5289
GZ-144702,8,8,8432
GZ-144703,22,10,2789
GZ-144704,8,9,4355
GZ-145451,276,8,3355
GZ-145452,141,5,3043
GZ-145453,77,7,2743
GZ-145454,158,4,2454
GZ-44701,148,2,2619
GZ-44702,1358,1,62
GZ-44703,279,5,1154
GZ-45451,406,1,92
GZ-45452,234,1,22
GZ-45453,31,4,3585
HA-149051,83,6,6695
HA-149052,106,5,3337
HA-149053,79,6,3627
HA-149054,70,7,2163
HA-149201,42,8,3868
HA-149202,152,6,1371
HA-149203,31,3,1918
HA-149204,21,8,2586
HA-49051,468,1,146
HA-49052,14,3,962
HA-49201,497,2,100
HA-49202,91,4,571
HD-147851,43,7,10484
HD-147852,99,6,3591
HD-147853,100,13,2419
HD-147854,770,3,251
HD-47851,107,6,3311
HD-47852,258,1,14
HE-148001,7,5,837
HE-148002,13,6,2874
HE-148003,462,12,5308
HE-148004,13,4,884
HE-48001,62,3,227
HE-48002,37,5,863
HF-149951,458,6,2320
HF-149952,84,8,3497
HF-149953,15,7,1363
HF-149954,22,7,2534
HF-49951,391,3,1410
HF-49952,482,5,689
HG-148451,13,13,3561
HG-148452,43,6,10466
HG-148453,110,6,6417
HG-148454,55,5,785
HG-149651,62,14,10262
HG-149652,280,5,1695
HG-149653,384,3,1606
HG-149654,24,12,3250
HG-150251,91,9,6510
HG-150252,344,6,2326
HG-150253,7,7,2211
HG-150254,7,7,3690
HG-48451,176,6,1765
HG-48452,142,3,1223
HG-49651,225,3,83
HG-49652,100,1,246
HG-49653,737,1,26
HG-50251,24,4,1057
HG-50252,474,3,420
HH-150101,149,8,6180
HH-150102,55,6,4155
HH-150103,62,8,3178
HH-150104,73,2,219
HH-50101,464,1,1296
HH-50102,197,2,201
HJ-148751,37,13,8541
HJ-148752,6,10,4961
HJ-148753,541,4,451
HJ-148754,127,5,359
HJ-48751,311,2,233
HJ-48752,385,4,890
HK-148901,126,5,2378
HK-148902,127,8,4282
HK-148903,44,6,2349
HK-148904,152,8,4877
HK-48901,171,2,301
HK-48902,609,1,336
HK-48903,57,3,1018
HL-150401,31,6,5607
HL-150402,204,4,2071
HL-150403,37,4,5919
HL-150404,44,6,12875
HL-50401,687,2,127
HL-50402,189,2,452
HM-148601,10,11,4407
HM-148602,2,11,9940
HM-148603,142,5,4851
HM-148604,3,10,8236
HM-149801,59,10,4451
HM-149802,41,9,5605
HM-149803,26,6,1926
HM-149804,248,4,738
HM-48601,240,2,259
HM-48602,35,2,784
HM-49801,524,2,4068
HM-49802,465,3,340
HP-148151,272,4,1045
HP-148152,562,5,1756
HP-148153,103,8,2529
HP-148154,31,7,1991
HP-48151,233,2,608
HP-48152,64,3,588
HR-147701,100,4,4409
HR-147702,80,5,3553
HR-147703,42,4,1869
HR-147704,14,5,1299
HR-148301,479,6,1940
HR-148302,52,4,1333
HR-148303,392,4,1117
HR-148304,160,7,5251
HR-47701,289,3,1833
HR-47702,294,1,97
HR-47703,188,4,2620
HR-48301,149,1,331
HR-48302,348,2,62
HW-149351,70,10,3557
HW-149352,35,6,4146
HW-149353,80,4,195
HW-149354,118,8,9299
HW-49351,57,2,443
HW-49352,125,5,732
HZ-149501,51,9,5115
HZ-149502,37,6,3085
HZ-149503,489,2,571
HZ-149504,36,5,887
HZ-49501,598,3,2525
HZ-49502,209,3,304
IG-150851,14,7,4573
IG-150852,107,8,2899
IG-150853,64,6,2169
IG-150854,72,4,744
IG-50851,2,6,4148
IG-50852,35,6,1618
IL-151001,147,4,1797
IL-151002,117,6,1333
IL-151003,223,8,3630
IL-151004,143,7,5040
IL-51001,164,3,368
IL-51002,602,4,685
IM-150551,512,2,362
IM-150552,16,7,1357
IM-150553,260,3,564
IM-150554,410,3,2872
IM-150701,213,5,2706
IM-150702,41,9,7327
IM-150703,266,6,2891
IM-150704,391,7,4931
IM-50551,373,3,3118
IM-50552,20,4,1207
IM-50701,234,1,168
IM-50702,51,6,1896
JA-159701,1,4,3780
JA-159702,163,8,5016
JA-159703,40,5,1820
JA-159704,93,8,6494
JA-59701,1,3,872
JA-59702,19,4,187
JB-154001,385,3,432
JB-154002,44,13,8395
JB-154003,93,8,2468
JB-154004,8,10,1791
JB-159251,10,8,6083
JB-159252,581,3,3542
JB-159253,30,5,1800
JB-159254,738,3,901
JB-160001,185,7,6316
JB-160002,97,10,9689
JB-160003,2,8,5478
JB-160004,44,7,644
JB-160451,41,6,5763
JB-160452,694,6,2394
JB-160453,1,7,3176
JB-160454,8,5,2518
JB-54001,232,3,1666
JB-54002,83,4,506
JB-59251,23,3,351
JB-59252,297,5,662
JB-60001,218,4,786
JB-60002,175,3,1098
JB-60451,205,4,2058
JB-60452,29,6,1178
JC-153401,46,9,9111
JC-153402,35,11,8333
JC-153403,374,5,322
JC-153404,115,4,72
JC-153851,85,5,1008
JC-153852,55,8,6236
JC-153853,9,11,4676
JC-153854,176,1,1057
JC-157751,8,6,4133
JC-157752,2,8,3185
JC-157753,451,2,495
JC-157754,159,9,2773
JC-161051,156,6,2239
JC-161052,104,10,6355
JC-161053,85,7,1628
JC-161054,58,5,858
JC-53401,143,5,427
JC-53402,772,1,178
JC-53851,52,5,893
JC-53852,16,4,2291
JC-57751,14,3,314
JC-57752,65,2,1398
JC-61051,317,1,61
JC-61052,103,5,3855
JD-157901,329,8,3605
JD-157902,625,3,1408
JD-157903,16,8,3104
JD-157904,118,5,2153
JD-158951,82,7,2372
JD-158952,7,5,3959
JD-158953,27,9,2770
JD-158954,395,11,7609
JD-160151,49,5,3410
JD-160152,57,6,932
JD-160153,213,7,3966
JD-160154,113,6,386
JD-160601,223,2,1212
JD-160602,70,7,3015
JD-160603,66,7,2760
JD-160604,301,3,696
JD-161501,1,4,2958
JD-161502,485,6,3075
JD-161503,199,10,3425
JD-161504,42,8,8829
JD-57901,698,2,959
JD-57902,300,3,362
JD-58951,204,3,1435
JD-58952,73,1,961
JD-58953,3,2,375
JD-60151,205,3,1188
JD-60152,43,5,1464
JD-60601,141,6,3471
JD-60602,198,3,74
JD-61501,467,1,1679
JD-61502,22,5,3652
JE-154751,201,5,2873
JE-154752,36,6,1173
JE-154753,37,5,471
JE-154754,194,6,1388
JE-156101,97,11,4147
JE-156102,373,3,750
JE-156103,43,5,540
JE-156104,49,7,7757
JE-157151,10,12,9856
JE-157152,55,10,3163
JE-157153,50,4,556
JE-157154,47,10,8696
JE-157451,190,7,3743
JE-157452,33,7,2614
JE-157453,68,8,6511
JE-157454,52,13,6762
JE-161651,160,7,2865
JE-161652,384,6,2278
JE-161653,42,4,513
JE-161654,21,3,2698
JE-54751,194,3,179
JE-54752,28,5,734
JE-56101,176,4,613
JE-56102,195,2,145
JE-57151,87,4,107
JE-57152,229,3,74
JE-57451,826,1,499
JE-57452,195,6,1776
JE-61651,37,6,4343
JE-61652,483,2,213
JF-151901,7,10,10692
JF-151902,610,7,2665
JF-151903,148,4,1428
JF-151904,66,7,2280
JF-152951,108,4,5696
JF-152952,57,8,7907
JF-152953,92,7,5824
JF-152954,226,5,955
JF-153551,35,4,488
JF-153552,14,8,3944
JF-153553,170,4,999
JF-153554,106,6,1912
JF-154151,206,5,4409
JF-154152,28,6,6489
JF-154153,104,6,1450
JF-154154,3,6,2371
JF-154901,13,8,3438
JF-154902,5,5,2761
JF-154903,66,6,1953
JF-154904,122,11,1082
JF-155651,6,5,4381
JF-155652,106,12,8700
JF-155653,2,4,2565
JF-155654,55,8,4198
JF-51901,150,2,128
JF-51902,328,6,3383
JF-52951,64,3,681
JF-52952,513,1,90
JF-52953,110,4,1664
JF-53551,133,4,575
JF-53552,97,5,2900
JF-54151,38,6,6470
JF-54152,76,5,1758
JF-54901,100,3,709
JF-54902,115,4,779
JF-55651,421,3,3367
JF-55652,453,3,410
JG-151151,69,4,570
JG-151152,418,5,5396
JG-151153,421,7,4476
JG-151154,759,3,2358
JG-151601,31,8,1631
JG-151602,30,5,9340
JG-151603,114,8,2628
JG-151604,2,11,6366
JG-153101,20,8,5932
JG-153102,80,5,3327
JG-153103,261,5,1234
JG-153104,3,6,2241
JG-158051,43,12,11116
JG-158052,1,15,7843
JG-158053,6,4,1544
JG-158054,224,6,1507
JG-51151,499,5,836
JG-51152,6,4,2072
JG-51601,17,6,1274
JG-51602,650,2,315
JG-53101,44,5,836
JG-58051,930,1,81
JG-58052,134,2,128
JH-154301,7,10,3258
JH-154302,58,5,1853
JH-154303,42,12,6387
JH-154304,6,4,310
JH-158201,42,9,5384
JH-158202,111,9,11729
JH-158203,14,7,5947
JH-158204,175,6,529
JH-159101,43,12,7444
JH-159102,49,8,1697
JH-159103,43,5,2429
JH-159104,42,7,959
JH-159851,16,11,4342
JH-159852,12,6,2652
JH-159853,506,15,3916
JH-159854,30,6,7955
JH-161801,51,10,3505
JH-161802,262,12,8370
JH-161803,70,5,4133
JH-161804,405,4,2257
JH-54301,8,7,790
JH-54302,1186,1,28
JH-54303,632,1,66
JH-58201,43,3,920
JH-58202,69,4,1438
JH-59101,41,4,2272
JH-59102,990,1,125
JH-59103,157,3,1618
JH-59851,53,5,1536
JH-59852,153,2,538
JH-61801,58,5,1762
JH-61802,114,1,34
JH-61803,28,3,3857
JJ-154451,350,6,3212
JJ-154452,97,5,2926
JJ-154453,34,3,2852
JJ-154454,484,5,710
JJ-157601,50,8,7400
JJ-157602,3,13,8606
JJ-157603,401,5,1904
JJ-157604,754,2,195
JJ-54451,200,2,1952
JJ-54452,20,4,539
JJ-57601,450,3,908
JJ-57602,269,3,980
JK-152051,420,5,1000
JK-152052,171,6,2905
JK-152053,71,8,2584
JK-152054,62,5,4427
JK-153251,78,13,10908
JK-153252,191,5,2375
JK-153253,468,7,3330
JK-153254,288,3,384
JK-153701,22,5,1145
JK-153702,2,8,1779
JK-153703,121,6,4556
JK-153704,45,8,2710
JK-156251,2,7,3778
JK-156252,319,4,697
JK-156253,75,9,4519
JK-156254,62,7,3762
JK-156401,233,3,301
JK-156402,1,5,4359
JK-156403,18,9,3219
JK-156404,181,9,4762
JK-157301,49,8,8134
JK-157302,210,7,5638
JK-157303,202,9,2188
JK-157304,85,10,4868
JK-160901,50,10,10861
JK-160902,9,11,3514
JK-160903,23,9,3798
JK-160904,29,3,3748
JK-161201,166,6,6498
JK-161202,98,5,894
JK-161203,111,5,2809
JK-161204,118,10,2933
JK-52051,1198,1,621
JK-52052,592,4,996
JK-53251,461,3,203
JK-53701,145,4,2350
JK-53702,345,2,861
JK-56251,351,6,1969
JK-56252,317,1,2264
JK-56253,1231,1,132
JK-56401,895,1,164
JK-56402,174,3,266
JK-57301,484,3,2764
JK-57302,842,3,3097
JK-60901,13,3,1078
JK-60902,1159,1,116
JK-60903,1233,1,21
JK-61201,643,3,625
JK-61202,141,1,875
JK-61203,194,2,1014
JL-151301,475,4,1206
JL-151302,22,8,7903
JL-151303,158,10,2583
JL-151304,9,6,1215
JL-151751,170,6,4745
JL-151752,188,6,3892
JL-151753,42,10,3286
JL-151754,7,5,1571
JL-152351,48,7,7450
JL-152352,14,7,4913
JL-152353,108,5,3320
JL-152354,120,5,2204
JL-155051,132,5,534
JL-155052,31,5,477
JL-155053,387,6,4446
JL-155054,50,6,3175
JL-158351,62,8,7146
JL-158352,386,5,2939
JL-158353,192,6,2707
JL-158354,22,11,9799
JL-158501,841,4,2581
JL-158502,140,6,1941
JL-158503,45,6,1251
JL-158504,615,6,2726
JL-51301,289,4,1313
JL-51302,943,1,666
JL-51303,198,7,3787
JL-51751,125,1,691
JL-51752,128,4,662
JL-52351,772,1,1186
JL-52352,2,3,566
JL-55051,687,1,927
JL-55052,342,2,1803
JL-58351,55,4,731
JL-58352,708,3,2657
JL-58501,698,2,599
JL-58502,787,2,1405
JM-152501,36,8,8163
JM-152502,42,4,3565
JM-152503,73,6,708
JM-152504,38,6,3158
JM-152651,54,11,8818
JM-152652,385,6,1096
JM-152653,183,7,3318
JM-152654,38,5,1804
JM-155351,24,7,3973
JM-155352,15,5,1201
JM-155353,906,1,35
JM-155354,103,7,1733
JM-155801,416,8,4838
JM-155802,133,5,2108
JM-155803,120,6,6050
JM-155804,1,5,305
JM-156551,216,10,5566
JM-156552,159,8,6473
JM-156553,48,11,3393
JM-156554,9,5,865
JM-158651,69,6,4020
JM-158652,192,11,6585
JM-158653,183,5,2613
JM-158654,110,7,7624
JM-161951,203,8,2539
JM-161952,436,4,336
JM-161953,294,3,2117
JM-161954,58,10,2834
JM-52501,7,3,1956
JM-52502,135,2,467
JM-52651,258,3,708
JM-52652,121,1,424
JM-55351,244,2,73
JM-55352,640,3,774
JM-55801,50,3,715
JM-55802,70,2,165
JM-56551,123,6,2336
JM-56552,513,1,1164
JM-56553,464,1,102
JM-58651,71,4,697
JM-58652,764,1,349
JM-58653,162,1,498
JM-61951,118,3,535
JM-61952,13,5,666
JO-151451,70,4,2538
JO-151452,276,7,4024
JO-151453,91,3,624
JO-151454,58,9,3257
JO-152801,15,7,2069
JO-152802,401,1,886
JO-152803,211,7,2234
JO-152804,93,6,1934
JO-155501,72,5,1106
JO-155502,133,4,756
JO-155503,139,5,1050
JO-155504,216,5,1092
JO-51451,260,3,2255
JO-51452,6,3,650
JO-52801,20,4,1696
JO-55501,13,4,1880
JO-55502,78,5,2325
JP-154601,81,6,4266
JP-154602,311,7,3163
JP-154603,37,6,1818
JP-154604,38,7,1669
JP-155201,147,4,3872
JP-155202,206,7,4867
JP-155203,63,8,4055
JP-155204,9,7,3638
JP-161351,57,11,4659
JP-161352,192,10,2948
JP-161353,44,4,849
JP-161354,103,9,1706
JP-54601,387,1,113
JP-54602,189,1,503
JP-54603,420,8,2680
JP-55201,584,1,1213
JP-55202,644,1,133
JP-55203,113,2,881
JP-61351,87,3,231
JP-61352,27,5,4201
JR-156701,582,5,5919
JR-156702,13,8,3510
JR-156703,234,5,2753
JR-156704,594,2,1157
JR-157001,71,6,5295
JR-157002,8,3,1538
JR-157003,80,8,1873
JR-157004,69,1,864
JR-162101,66,5,6360
JR-162102,19,7,1888
JR-162103,106,4,2141
JR-162104,34,5,2202
JR-56701,602,2,1480
JR-56702,129,4,1106
JR-57001,14,3,1409
JR-57002,416,3,263
JR-62101,38,3,617
JR-62102,499,1,169
JR-62103,563,2,248
JS-155951,159,4,5975
JS-155952,48,6,1099
JS-155953,6,4,845
JS-155954,120,4,1418
JS-156851,41,7,7329
JS-156852,193,7,1746
JS-156853,156,8,4132
JS-156854,43,4,1130
JS-158801,146,6,3345
JS-158802,12,6,2373
JS-158803,199,3,858
JS-158804,535,5,3868
JS-159401,1080,1,22
JS-159402,6,5,2143
JS-159403,239,4,1243
JS-159404,464,5,471
JS-160301,147,14,13219
JS-160302,141,7,1146
JS-160303,22,5,2337
JS-160304,29,6,2519
JS-55951,1031,2,59
JS-55952,1218,1,138
JS-55953,680,3,608
JS-56851,143,2,263
JS-56852,276,3,1681
JS-58801,209,3,973
JS-58802,300,3,772
JS-59401,135,3,755
JS-59402,24,1,17
JS-59403,202,9,2158
JS-60301,219,2,1122
JS-60302,703,1,431
JS-60303,870,1,19
JW-152201,13,11,7827
JW-152202,15,12,6622
JW-152203,17,5,933
JW-152204,43,6,7722
JW-159551,82,8,4628
JW-159552,125,8,4086
JW-159553,133,7,683
JW-159554,6,7,1245
JW-160751,2,9,7352
JW-160752,117,7,8113
JW-160753,261,5,2959
JW-160754,462,4,1428
JW-52201,187,2,6173
JW-52202,101,4,1011
JW-59551,927,1,249
JW-59552,107,1,58
JW-60751,631,3,644
JW-60752,267,1,102
KA-165251,30,12,5763
KA-165252,17,9,7068
KA-165253,42,7,3039
KA-165254,37,7,1520
KA-65251,292,4,407
KA-65252,94,3,1022
KB-162401,97,5,2930
KB-162402,34,8,1158
KB-162403,6,7,2661
KB-162404,5,7,3152
KB-163151,3,8,5181
KB-163152,69,7,3956
KB-163153,933,5,3834
KB-163154,297,9,1568
KB-164051,20,11,6075
KB-164052,96,6,5858
KB-164053,42,8,946
KB-164054,118,3,909
KB-165851,253,6,8274
KB-165852,94,5,4440
KB-165853,541,4,926
KB-165854,231,12,2745
KB-166001,87,8,5897
KB-166002,87,4,598
KB-166003,2,6,2818
KB-166004,2,7,984
KB-62401,318,3,868
KB-62402,202,4,1077
KB-63151,392,5,1109
KB-63152,23,6,1846
KB-64051,388,3,239
KB-65851,372,2,217
KB-66001,10,6,608
KB-66002,856,1,29
KB-66003,64,4,531
KC-162551,62,8,3037
KC-162552,45,3,1439
KC-162553,62,10,2725
KC-162554,408,6,2122
KC-165401,43,6,6689
KC-165402,42,6,1721
KC-165403,54,9,6577
KC-165404,98,4,3908
KC-166751,3,4,1752
KC-166752,100,8,7362
KC-166753,300,7,3272
KC-166754,58,4,1145
KC-62551,540,3,698
KC-62552,58,5,395
KC-65401,38,3,175
KC-65402,34,4,331
KC-66751,721,1,19
KC-66752,20,2,373
KD-162701,37,9,7873
KD-162702,107,7,3562
KD-162703,40,8,3488
KD-162704,485,5,8282
KD-163451,210,4,5411
KD-163452,132,4,3658
KD-163453,1393,1,201
KD-163454,42,6,1889
KD-164951,47,10,9576
KD-164952,56,10,5900
KD-164953,239,4,1336
KD-164954,113,12,8184
KD-166151,444,4,1042
KD-166152,126,7,6685
KD-166153,76,8,2376
KD-166154,290,5,2245
KD-62701,812,1,813
KD-63451,58,4,364
KD-63452,76,2,173
KD-64951,399,2,938
KD-64952,713,2,517
KD-66151,187,3,205
KE-164201,150,13,3589
KE-164202,427,4,1983
KE-164203,117,6,5671
KE-164204,27,8,1686
KE-64201,252,3,573
KE-64202,1281,1,51
KF-162851,49,3,2166
KF-162852,38,6,1326
KF-162853,479,5,1070
KF-162854,98,7,10606
KF-62851,776,3,291
KF-62852,33,6,2808
KH-163301,17,11,9625
KH-163302,437,4,1544
KH-163303,426,3,563
KH-163304,41,8,3313
KH-163601,51,8,4062
KH-163602,175,4,864
KH-163603,6,10,1958
KH-163604,2,6,3102
KH-165101,145,8,6705
KH-165102,37,7,1409
KH-165103,226,4,1277
KH-165104,23,7,5954
KH-166301,44,4,274
KH-166302,9,8,1434
KH-166303,28,6,1597
KH-166304,59,9,3920
KH-166901,134,11,4562
KH-166902,103,14,4761
KH-166903,36,7,2844
KH-166904,3,7,5991
KH-63301,103,6,1311
KH-63302,20,7,2058
KH-63601,119,4,1616
KH-63602,101,3,608
KH-65101,16,5,1473
KH-65102,502,2,72
KH-66301,938,1,340
KH-66302,327,4,1456
KH-66901,239,3,405
KH-66902,1272,1,52
KH-66903,269,3,1241
KL-165551,16,5,1796
KL-165552,122,7,2771
KL-165553,86,6,2480
KL-165554,17,8,5019
KL-166451,168,5,3364
KL-166452,129,7,4556
KL-166453,127,4,457
KL-166454,48,12,14175
KL-65551,206,4,1401
KL-65552,176,3,781
KL-66451,1,3,1340
KL-66452,147,2,235
KM-162251,1,8,5006
KM-162252,163,2,203
KM-162253,230,2,282
KM-162254,15,6,2261
KM-163751,28,4,2191
KM-163752,111,8,6772
KM-163753,3,8,1813
KM-163754,57,8,5622
KM-166601,49,12,6362
KM-166602,114,7,3059
KM-166603,323,5,909
KM-166604,16,5,454
KM-167201,115,3,5084
KM-167202,343,5,2368
KM-167203,108,7,1678
KM-167204,29,8,4910
KM-62251,372,1,7
KM-62252,491,2,884
KM-63751,325,2,1355
KM-63752,566,1,197
KM-63753,322,2,572
KM-66601,31,1,19
KM-66602,84,2,170
KM-67201,350,3,2928
KN-163901,209,9,6633
KN-163902,150,5,7376
KN-163903,63,6,2724
KN-163904,20,9,2618
KN-164501,38,10,8187
KN-164502,101,7,1685
KN-164503,387,4,4252
KN-164504,53,5,2171
KN-167051,387,4,2614
KN-167052,1113,3,548
KN-167053,664,4,441
KN-167054,99,8,2280
KN-63901,756,1,117
KN-63902,274,2,201
KN-64501,94,6,1221
KN-64502,121,2,548
KN-67051,1291,1,318
KN-67052,124,4,4514
KS-163001,441,5,1979
KS-163002,36,7,2051
KS-163003,307,6,984
KS-163004,296,3,89
KS-63001,472,3,113
KS-63002,107,1,109
KT-164651,98,9,4421
KT-164652,44,5,796
KT-164653,69,11,7450
KT-164654,392,7,3058
KT-164801,28,5,1271
KT-164802,135,3,159
KT-164803,546,2,170
KT-164804,101,10,4642
KT-64651,1135,2,939
KT-64652,106,1,48
KT-64653,185,4,545
KT-64801,148,5,1720
KT-64802,85,2,400
KW-164351,27,3,1409
KW-164352,269,10,7658
KW-164353,83,5,1835
KW-164354,97,5,4418
KW-165701,23,12,5505
KW-165702,125,6,1717
KW-165703,112,12,1585
KW-165704,772,4,449
KW-64351,148,4,427
KW-65701,49,2,549
KW-65702,240,4,2028
LA-167801,128,12,8091
LA-167802,14,9,6678
LA-167803,84,2,832
LA-167804,155,11,8674
LA-67801,79,3,559
LA-67802,2,9,3030
LB-167351,573,4,2161
LB-167352,10,8,1780
LB-167353,44,14,8694
LB-167354,49,3,50
LB-167951,224,9,8487
LB-167952,40,6,8613
LB-167953,48,8,2504
LB-167954,153,8,4705
LB-67351,138,3,743
LB-67352,920,1,114
LB-67353,156,3,1041
LB-67951,104,3,247
LB-67952,57,5,1550
LC-168701,215,6,4570
LC-168702,495,3,1392
LC-168703,106,4,1317
LC-168704,28,8,2502
LC-168851,141,8,4867
LC-168852,290,4,1506
LC-168853,41,5,3025
LC-168854,17,12,7662
LC-169301,106,7,2629
LC-169302,50,7,2689
LC-169303,54,4,1848
LC-169304,42,8,4492
LC-169601,80,5,4611
LC-169602,62,8,3477
LC-169603,3,5,478
LC-169604,437,4,3247
LC-170501,108,5,1780
LC-170502,5,6,4298
LC-170503,108,7,4760
LC-170504,55,5,2096
LC-171401,14,5,2287
LC-171402,47,8,6100
LC-171403,45,8,2106
LC-171404,14,9,2060
LC-68701,105,2,294
LC-68702,24,6,926
LC-68851,210,7,1711
LC-68852,769,1,95
LC-68853,652,1,23
LC-69301,72,6,3984
LC-69302,292,3,1096
LC-69601,413,4,1905
LC-69602,192,4,583
LC-70501,8,5,1909
LC-70502,7,2,5284
LC-71401,264,1,1309
LC-71402,1157,1,922
LC-71403,17,4,725
LD-168551,364,7,1475
LD-168552,105,9,8109
LD-168553,43,13,3770
LD-168554,553,1,5
LD-170051,85,9,5389
LD-170052,120,8,1956
LD-170053,50,6,2154
LD-170054,415,4,1963
LD-68551,81,5,1703
LD-68552,155,3,1119
LD-70051,1211,1,61
LD-70052,44,1,19
LD-70053,486,4,282
LE-168101,15,9,2499
LE-168102,82,8,5938
LE-168103,295,1,521
LE-168104,22,6,1469
LE-68101,64,6,1050
LF-171851,50,5,3870
LF-171852,34,8,4989
LF-171853,476,2,76
LF-171854,23,7,3931
LF-71851,785,2,351
LF-71852,178,3,205
LH-167501,48,4,646
LH-167502,444,2,842
LH-167503,13,13,6172
LH-167504,152,3,288
LH-169001,175,9,5730
LH-169002,139,4,689
LH-169003,177,7,3384
LH-169004,22,9,2298
LH-170201,199,3,2632
LH-170202,210,4,1361
LH-170203,42,7,3880
LH-170204,240,4,318
LH-171551,76,14,5667
LH-171552,573,4,6577
LH-171553,735,2,78
LH-171554,386,9,1740
LH-67501,758,2,312
LH-67502,126,3,433
LH-69001,307,2,815
LH-69002,1329,1,25
LH-70201,59,2,969
LH-70202,1046,1,4
LH-71551,250,1,137
LH-71552,850,1,152
LH-71553,128,6,2937
LL-168401,118,5,2678
LL-168402,212,8,4256
LL-168403,27,7,1613
LL-168404,250,6,2740
LL-68401,36,4,3082
LL-68402,43,5,570
LM-170651,85,7,5588
LM-170652,390,2,1687
LM-170653,191,4,628
LM-170654,392,5,1347
LM-70651,56,3,1616
LM-70652,8,1,4665
LO-171701,47,8,4683
LO-171702,115,10,3470
LO-171703,120,5,2462
LO-171704,3,5,644
LO-71701,5,4,1349
LO-71702,99,3,933
LP-170801,76,5,2949
LP-170802,56,7,1128
LP-170803,231,8,2799
LP-170804,41,4,757
LP-170951,78,8,4733
LP-170952,363,4,1493
LP-170953,20,7,5720
LP-170954,10,7,3654
LP-70801,244,4,1625
LP-70802,185,3,207
LP-70951,1,1,4
LP-70952,577,1,238
LP-70953,117,2,769
LR-169151,244,5,6098
LR-169152,133,8,8429
LR-169153,150,7,2765
LR-169154,27,6,5143
LR-170351,55,6,4601
LR-170352,251,7,5989
LR-170353,46,8,3652
LR-170354,133,5,1880
LR-69151,1246,1,49
LR-69152,685,2,419
LR-70351,107,6,1864
LR-70352,146,3,813
LS-169451,221,4,4275
LS-169452,28,5,1979
LS-169453,83,5,1321
LS-169454,179,6,2845
LS-169751,251,4,1977
LS-169752,54,3,1123
LS-169753,64,6,2560
LS-169754,21,9,2989
LS-172001,16,8,4036
LS-172002,416,3,3216
LS-172003,76,7,6382
LS-172004,97,6,1009
LS-172301,5,9,5888
LS-172302,211,6,2369
LS-172303,191,6,1949
LS-172304,778,3,368
LS-172451,225,7,3639
LS-172452,334,3,893
LS-172453,51,8,5219
LS-172454,35,6,1007
LS-69451,191,5,1321
LS-69452,610,1,194
LS-69453,7,6,1210
LS-69751,179,3,217
LS-69752,313,1,451
LS-69753,841,1,49
LS-72001,384,4,341
LS-72301,275,4,505
LS-72302,100,6,660
LS-72451,374,4,915
LS-72452,218,2,40
LT-167651,7,10,7225
LT-167652,139,6,4891
LT-167653,72,11,4808
LT-167654,27,3,330
LT-171101,212,8,4690
LT-171102,55,7,4197
LT-171103,286,3,1163
LT-171104,35,8,2935
LT-67651,615,2,1279
LT-67652,9,1,29
LT-67653,721,1,57
LT-71101,56,4,7853
LT-71102,78,2,379
LW-168251,63,8,2026
LW-168252,23,5,5260
LW-168253,133,2,469
LW-168254,89,5,2239
LW-169901,576,4,1151
LW-169902,132,7,4275
LW-169903,24,6,456
LW-169904,34,6,3232
LW-171251,526,1,529
LW-171252,56,9,2329
LW-171253,42,3,1252
LW-171254,206,3,1259
LW-172151,44,8,2914
LW-172152,276,4,404
LW-172153,244,5,1789
LW-172154,22,7,5422
LW-68251,57,5,329
LW-68252,33,6,550
LW-69901,24,3,172
LW-69902,15,8,1696
LW-71251,34,5,2012
LW-71252,203,4,664
LW-72151,133,3,896
LW-72152,313,1,277
LW-72153,469,1,349
MA-175601,218,5,1209
MA-175602,129,4,2823
MA-175603,104,4,2486
MA-175604,65,11,4300
MA-179951,120,6,4311
MA-179952,123,4,1634
MA-179953,43,6,1607
MA-179954,187,6,2453
MA-75601,233,1,559
MA-75602,861,3,1070
MA-79951,356,8,1558
MA-79952,139,1,130
MA-79953,17,2,240
MB-173051,191,4,7524
MB-173052,2,10,5086
MB-173053,106,3,2573
MB-173054,49,10,1547
MB-180851,113,4,6116
MB-180852,105,9,1735
MB-180853,84,10,5466
MB-180854,45,7,1429
MB-73051,202,4,4215
MB-73052,23,4,662
MB-80851,12,2,139
MB-80852,92,6,1566
MC-172751,45,9,2443
MC-172752,108,9,2843
MC-172753,143,8,3672
MC-172754,77,8,2727
MC-174251,24,10,4780
MC-174252,442,4,526
MC-174253,66,11,5317
MC-174254,400,5,4433
MC-175751,63,9,7467
MC-175752,140,6,2352
MC-175753,32,10,3154
MC-175754,28,8,1304
MC-175901,203,1,2445
MC-175902,408,7,2191
MC-175903,71,11,3057
MC-175904,52,6,2427
MC-176051,57,4,2942
MC-176052,470,6,3719
MC-176053,50,8,4103
MC-176054,113,8,2258
MC-176351,36,10,7576
MC-176352,321,7,2615
MC-176353,6,13,10126
MC-176354,190,4,795
MC-178451,9,10,6969
MC-178452,16,5,1717
MC-178453,71,9,2456
MC-178454,2,7,3805
MC-181001,62,8,3397
MC-181002,124,9,3957
MC-181003,43,6,1781
MC-181004,42,10,2220
MC-181301,241,4,790
MC-181302,276,3,3277
MC-181303,52,11,2881
MC-181304,370,5,1582
MC-72751,236,3,1324
MC-72752,373,2,2979
MC-74251,36,4,1381
MC-74252,110,1,111
MC-75751,10,3,761
MC-75752,44,5,2859
MC-75901,337,2,481
MC-75902,1029,1,1073
MC-76051,1275,1,18
MC-76052,196,1,190
MC-76351,905,2,634
MC-76352,665,2,59
MC-78451,363,2,384
MC-78452,35,2,608
MC-81001,105,3,659
MC-81301,288,2,345
MC-81302,713,3,480
MD-173501,99,6,2062
MD-173502,340,4,970
MD-173503,27,13,9657
MD-173504,118,7,3766
MD-178601,156,9,9590
MD-178602,259,9,2689
MD-178603,77,5,2090
MD-178604,37,5,1203
MD-73501,237,3,732
MD-73502,468,1,26
MD-73503,83,2,616
MD-78601,104,5,6855
ME-173201,6,6,5608
ME-173202,55,10,6977
ME-173203,14,4,1281
ME-173204,43,10,10665
ME-177251,62,9,3465
ME-177252,275,3,801
ME-177253,166,8,1666
ME-177254,29,8,1908
ME-180101,428,6,1520
ME-180102,43,11,5882
ME-180103,71,6,1888
ME-180104,93,4,1257
ME-73201,205,4,419
ME-73202,21,6,1302
ME-77251,12,4,514
ME-77252,324,1,204
ME-77253,14,6,1366
ME-80101,393,1,161
MF-176651,242,7,4636
MF-176652,52,10,4860
MF-176653,63,7,2935
MF-176654,422,5,936
MF-182501,211,8,6176
MF-182502,40,13,9618
MF-182503,78,6,2874
MF-182504,8,5,1759
MF-76651,49,2,58
MF-76652,1156,1,104
MF-82501,702,1,25
MF-82502,63,5,1492
MG-176501,20,5,4904
MG-176502,138,4,2972
MG-176503,152,5,1054
MG-176504,30,7,3785
MG-176801,37,13,9028
MG-176802,503,6,3801
MG-176803,86,5,884
MG-176804,93,4,2351
MG-176951,1,11,6960
MG-176952,35,6,6958
MG-176953,199,5,962
MG-176954,556,3,1342
MG-178751,45,9,4374
MG-178752,52,11,6604
MG-178753,6,8,2233
MG-178754,117,5,1241
MG-178901,27,8,7964
MG-178902,6,9,2846
MG-178903,188,3,1579
MG-178904,100,9,777
MG-181451,34,5,3170
MG-181452,38,4,9501
MG-181453,3,11,2416
MG-181454,85,4,3062
MG-182051,27,7,7669
MG-182052,3,11,5544
MG-182053,17,10,3134
MG-182054,265,1,16
MG-76501,496,1,302
MG-76801,75,5,2878
MG-76802,189,4,1421
MG-76951,342,3,557
MG-76952,336,4,1547
MG-78751,404,1,80
MG-78901,374,1,19
MG-81451,282,2,4881
MG-81452,1345,1,348
MG-82051,370,3,1355
MG-82052,610,1,15
MG-82053,2,3,277
MH-172901,414,4,3762
MH-172902,38,8,2845
MH-172903,98,7,4717
MH-172904,120,6,2393
MH-174401,9,8,3492
MH-174402,45,8,3454
MH-174403,147,5,601
MH-174404,377,4,400
MH-174551,180,6,2602
MH-174552,55,8,3228
MH-174553,409,5,1691
MH-174554,86,8,2456
MH-176201,216,3,732
MH-176202,24,7,4013
MH-176203,105,6,5040
MH-176204,156,4,1253
MH-177851,1,7,4676
MH-177852,16,5,2780
MH-177853,363,7,2017
MH-177854,99,7,2203
MH-180251,927,1,1129
MH-180252,74,8,5120
MH-180253,21,5,2520
MH-180254,50,5,2986
MH-181151,185,9,2634
MH-181152,19,4,2669
MH-181153,208,4,1208
MH-181154,6,9,5503
MH-72901,738,3,1684
MH-74401,97,5,2763
MH-74402,1115,1,326
MH-74403,698,2,268
MH-74551,108,4,457
MH-74552,93,6,4290
MH-76201,246,2,372
MH-76202,763,1,129
MH-76203,483,4,678
MH-77851,78,7,1580
MH-77852,8,2,336
MH-80251,659,3,451
MH-80252,63,1,22
MH-80253,15,5,623
MH-81151,59,5,942
MH-81152,220,2,319
MJ-177401,22,9,3419
MJ-177402,54,4,2549
MJ-177403,95,6,3061
MJ-177404,23,7,6321
MJ-77401,160,2,827
MJ-77402,374,2,56
MK-179051,64,8,5029
MK-179052,22,5,2601
MK-179053,27,10,3269
MK-179054,29,8,2302
MK-181601,34,7,6220
MK-181602,23,5,2196
MK-181603,657,4,539
MK-181604,241,4,1031
MK-79051,220,4,347
MK-79052,381,2,187
MK-79053,150,5,712
MK-81601,236,2,1310
MK-81602,140,1,80
MK-81603,41,7,1307
ML-173951,1,5,1814
ML-173952,576,4,6747
ML-173953,381,7,3221
ML-173954,70,9,2723
ML-174101,34,11,6342
ML-174102,166,5,1924
ML-174103,50,8,3794
ML-174104,55,6,2922
ML-177551,163,11,6767
ML-177552,2,6,5182
ML-177553,575,4,404
ML-177554,30,7,2071
ML-180401,322,5,2753
ML-180402,8,6,4549
ML-180403,435,5,633
ML-180404,80,3,742
ML-182651,192,10,5548
ML-182652,189,9,7379
ML-182653,477,5,1591
ML-182654,101,2,162
ML-73951,133,4,497
ML-73952,171,3,553
ML-74101,170,3,193
ML-77551,310,4,937
ML-77552,1289,1,51
ML-77553,27,2,122
ML-80401,45,4,1513
ML-80402,279,1,73
ML-80403,224,2,104
ML-82651,422,5,984
ML-82652,9,4,187
MM-172601,79,10,7869
MM-172602,111,7,1912
MM-172603,5,5,4620
MM-172604,169,4,1315
MM-179201,45,5,3683
MM-179202,92,7,7421
MM-179203,14,10,5483
MM-179204,8,11,3793
MM-180551,27,2,303
MM-180552,16,10,6490
MM-180553,205,5,1619
MM-180554,62,8,2752
MM-182801,148,5,1582
MM-182802,712,5,3349
MM-182803,13,6,1429
MM-182804,86,9,774
MM-72601,132,1,19
MM-72602,1460,1,314
MM-72603,297,3,5177
MM-79201,84,5,968
MM-79202,29,1,382
MM-80551,603,2,686
MM-80552,34,6,1239
MM-82801,143,3,664
MM-82802,72,7,2922
MN-179351,110,4,4101
MN-179352,9,5,3182
MN-179353,120,6,3112
MN-179354,35,6,2477
MN-79351,31,3,71
MN-79352,658,3,2104
MO-175001,44,4,1731
MO-175002,148,5,4472
MO-175003,37,11,3190
MO-175004,73,4,922
MO-178001,7,7,9347
MO-178002,106,3,355
MO-178003,90,7,2319
MO-178004,105,8,1686
MO-179501,401,1,101
MO-179502,7,8,4009
MO-179503,77,3,266
MO-179504,181,2,154
MO-75001,736,3,580
MO-75002,282,2,231
MO-78001,31,6,1885
MO-78002,15,3,2411
MO-79501,664,1,712
MO-79502,99,2,222
MP-174701,43,6,1697
MP-174702,6,6,4416
MP-174703,388,9,3608
MP-174704,720,7,3207
MP-179651,108,7,2552
MP-179652,55,13,6431
MP-179653,28,10,4263
MP-179654,73,9,3984
MP-181751,23,13,9796
MP-181752,248,8,5065
MP-181753,267,6,2096
MP-181754,17,9,5090
MP-74701,544,2,59
MP-79651,450,5,295
MP-79652,197,3,271
MP-81751,169,3,944
MP-81752,91,3,1225
MR-175451,98,8,4797
MR-175452,152,8,11500
MR-175453,201,3,2312
MR-175454,126,4,640
MR-75451,293,3,1963
MR-75452,101,3,363
MS-173651,28,7,4809
MS-173652,6,5,2419
MS-173653,37,12,5642
MS-173654,274,10,7445
MS-175301,71,7,6450
MS-175302,16,6,3698
MS-175303,192,8,2710
MS-175304,435,4,476
MS-177101,30,7,314
MS-177102,34,6,3814
MS-177103,30,7,2762
MS-177104,414,6,1611
MS-177701,152,7,4739
MS-177702,50,11,7757
MS-177703,35,9,1747
MS-177704,122,9,3146
MS-178301,64,6,2696
MS-178302,24,7,4366
MS-178303,73,9,4350
MS-178304,453,4,370
MS-179801,322,5,4091
MS-179802,143,6,7202
MS-179803,70,10,4065
MS-179804,27,6,855
MS-73651,225,4,1233
MS-73652,112,1,133
MS-75301,938,1,569
MS-75302,52,7,887
MS-77101,64,2,164
MS-77102,282,6,1366
MS-77701,99,4,217
MS-77702,127,2,322
MS-78301,140,3,305
MS-78302,5,5,4017
MS-79801,7,2,673
MS-79802,279,3,983
MT-178151,148,9,4902
MT-178152,94,7,3607
MT-178153,64,5,2446
MT-178154,50,6,2890
MT-180701,210,10,2682
MT-180702,128,7,6720
MT-180703,265,3,204
MT-180704,204,4,1321
MT-78151,527,2,344
MT-78152,177,4,1157
MT-80701,324,3,4827
MT-80702,621,4,2025
MV-174851,20,5,2222
MV-174852,17,9,5580
MV-174853,112,4,1202
MV-174854,28,9,1561
MV-181901,100,8,9480
MV-181902,59,10,2796
MV-181903,91,5,1564
MV-181904,20,7,1736
MV-74851,471,2,636
MV-74852,820,3,317
MV-81901,8,4,3445
MV-81902,461,4,551
MW-182201,149,5,7302
MW-182202,69,5,5709
MW-182203,275,11,2241
MW-182204,18,7,5342
MW-182351,17,8,5128
MW-182352,195,7,3020
MW-182353,64,7,4534
MW-182354,45,2,5254
MW-82201,513,4,224
MW-82202,45,4,2252
MW-82351,1,5,675
MW-82352,785,1,397
MY-173801,212,7,6052
MY-173802,54,9,5220
MY-173803,48,5,1198
MY-173804,30,7,2255
MY-182951,1,6,8991
MY-182952,44,8,6649
MY-182953,15,4,5779
MY-182954,72,11,4151
MY-73801,950,2,158
MY-73802,323,2,1589
MY-82951,44,6,2993
MY-82952,510,4,1074
MZ-173351,22,6,2892
MZ-173352,156,7,5126
MZ-173353,37,9,5854
MZ-173354,31,4,594
MZ-175151,45,10,5508
MZ-175152,44,6,3803
MZ-175153,24,3,1508
MZ-175154,283,6,2565
MZ-73351,311,1,180
MZ-73352,113,4,3314
MZ-75151,120,6,1234
MZ-75152,903,1,150
MZ-75153,79,2,1809
NB-185801,548,3,1306
NB-185802,639,2,1409
NB-185803,453,3,1886
NB-185804,1167,2,274
NB-186551,386,5,2804
NB-186552,39,5,4478
NB-186553,174,3,392
NB-186554,20,9,1974
NB-85801,429,4,633
NB-85802,1284,1,100
NB-85803,637,2,327
NB-86551,1097,2,131
NB-86552,111,3,303
NC-183401,215,10,7627
NC-183402,6,4,1754
NC-183403,205,3,2063
NC-183404,225,5,2461
NC-184151,428,4,833
NC-184152,190,4,2335
NC-184153,40,5,3870
NC-184154,42,6,2219
NC-185351,81,5,1137
NC-185352,304,7,565
NC-185353,75,3,1109
NC-185354,7,7,8240
NC-186251,21,15,11491
NC-186252,56,6,2018
NC-186253,108,3,1573
NC-186254,205,5,1822
NC-83401,36,5,2280
NC-83402,197,1,229
NC-83403,470,3,199
NC-84151,197,2,287
NC-84152,107,3,1215
NC-85351,294,3,782
NC-85352,139,4,469
NC-86251,462,1,339
NC-86252,1156,1,103
ND-183701,108,3,652
ND-183702,393,3,3485
ND-183703,13,8,2452
ND-183704,28,9,4329
ND-184601,6,5,1377
ND-184602,147,6,5124
ND-184603,163,5,2663
ND-184604,184,6,2894
ND-83701,34,2,360
ND-83702,49,4,2431
ND-84601,9,5,1973
ND-84602,838,1,41
ND-84603,26,4,708
NF-183851,41,10,7362
NF-183852,8,13,9656
NF-183853,283,2,2703
NF-183854,80,7,8321
NF-184751,451,6,3008
NF-184752,7,8,6407
NF-184753,267,4,839
NF-184754,526,4,377
NF-185951,220,4,2661
NF-185952,587,4,1557
NF-185953,12,7,4287
NF-185954,115,7,2031
NF-83851,2,7,2029
NF-83852,552,1,402
NF-83853,50,3,1305
NF-84751,44,2,755
NF-84752,821,1,676
NF-84753,115,4,587
NF-85951,513,2,801
NF-85952,517,3,931
NG-183551,217,3,2074
NG-183552,61,6,2134
NG-183553,188,7,3188
NG-183554,49,5,1871
NG-184301,48,10,10114
NG-184302,28,8,3620
NG-184303,72,5,3841
NG-184304,49,5,1397
NG-83551,1064,2,358
NG-83552,696,2,403
NG-83553,104,3,1987
NG-84301,38,3,430
NG-84302,440,1,728
NG-84303,19,4,2591
NH-186101,21,9,11557
NH-186102,71,5,4807
NH-186103,489,1,146
NH-186104,190,7,2673
NH-86101,72,2,31
NH-86102,940,1,1005
NH-86103,6,3,1085
NK-184901,216,5,6215
NK-184902,27,6,1104
NK-184903,238,6,3592
NK-184904,71,7,571
NK-84901,207,4,2393
NL-183101,87,9,6982
NL-183102,26,6,1732
NL-183103,62,6,455
NL-183104,59,4,1420
NL-83101,576,1,222
NL-83102,781,1,29
NM-184451,86,11,8764
NM-184452,152,5,1335
NM-184453,31,9,3664
NM-184454,161,7,6461
NM-185201,107,8,4082
NM-185202,20,5,4103
NM-185203,47,4,1983
NM-185204,245,10,2163
NM-84451,367,3,191
NM-84452,920,1,18
NM-84453,34,5,3845
NM-85201,159,1,1541
NP-183251,2,6,945
NP-183252,56,7,2922
NP-183253,154,6,2382
NP-183254,26,6,5532
NP-186701,63,4,660
NP-186702,192,8,6412
NP-186703,419,2,1860
NP-186704,59,5,3909
NP-186851,128,6,3851
NP-186852,140,6,843
NP-186853,15,12,5440
NP-186854,407,6,1229
NP-187001,30,6,877
NP-187002,29,8,4020
NP-187003,194,6,1238
NP-187004,139,7,7904
NP-83251,16,3,219
NP-83252,864,1,531
NP-83253,397,4,587
NP-86701,227,2,1954
NP-86702,483,4,919
NP-86851,115,3,4655
NP-86852,280,1,340
NP-87001,192,4,1330
NP-87002,38,2,552
NR-185501,3,10,4196
NR-185502,257,4,1116
NR-185503,83,7,3313
NR-185504,211,5,2368
NR-85501,60,3,305
NR-85502,15,5,1593
NS-185051,295,4,1681
NS-185052,63,6,3767
NS-185053,62,11,6814
NS-185054,7,4,2576
NS-186401,49,6,2341
NS-186402,37,10,4581
NS-186403,57,8,4982
NS-186404,175,13,2966
NS-85051,14,3,901
NS-85052,198,2,62
NS-86401,48,4,694
NS-86402,134,4,1079
NW-184001,236,8,1550
NW-184002,182,4,1720
NW-184003,335,7,4823
NW-184004,173,7,7233
NW-84001,1240,1,5100
NW-84002,678,1,334
NW-84003,118,5,1614
NZ-185651,233,8,9544
NZ-185652,110,5,5475
NZ-185653,387,4,2436
NZ-185654,86,9,2487
NZ-85651,100,4,329
ON-187151,126,7,3094
ON-187152,48,11,8368
ON-187153,429,6,4736
ON-187154,411,9,1567
ON-87151,1000,2,346
ON-87152,460,3,1162
OT-187301,34,11,6463
OT-187302,42,8,5883
OT-187303,119,8,3330
OT-187304,66,5,3819
OT-87301,472,2,220
OT-87302,243,2,44
PA-190601,51,5,1265
PA-190602,75,3,1921
PA-190603,24,7,2808
PA-190604,104,6,730
PA-90601,405,3,3223
PA-90602,178,3,448
PB-188051,9,5,3440
PB-188052,360,6,4889
PB-188053,73,5,3001
PB-188054,26,3,741
PB-191051,89,4,2957
PB-191052,527,5,1855
PB-191053,139,3,2587
PB-191054,58,4,689
PB-191501,68,5,1849
PB-191502,104,8,1308
PB-191503,6,12,3294
PB-191504,98,8,1457
PB-192101,33,8,11654
PB-192102,9,10,4684
PB-192103,152,7,2497
PB-192104,689,2,133
PB-88051,121,2,254
PB-88052,730,2,620
PB-88053,343,5,1913
PB-91051,1,4,1809
PB-91501,42,3,393
PB-91502,143,7,3085
PB-92101,318,2,270
PB-92102,308,5,5031
PC-187451,83,7,3356
PC-187452,22,5,1448
PC-187453,790,5,4058
PC-187454,3,4,1832
PC-190001,22,9,2185
PC-190002,33,5,6069
PC-190003,51,2,157
PC-190004,883,2,1062
PC-87451,58,2,85
PC-87452,416,3,1161
PC-90001,573,3,1020
PC-90002,1004,1,120
PF-191201,94,8,15063
PF-191202,85,8,1864
PF-191203,98,8,2001
PF-191204,836,4,9065
PF-191651,92,13,4736
PF-191652,345,9,5169
PF-191653,323,8,3347
PF-191654,197,6,2770
PF-192251,3,10,3374
PF-192252,24,11,3910
PF-192253,23,4,2427
PF-192254,115,5,2207
PF-91201,301,3,714
PF-91202,414,1,322
PF-91203,84,6,847
PF-91651,35,3,1533
PF-91652,126,4,476
PF-92251,15,3,357
PF-92252,484,4,1117
PG-188201,36,11,8315
PG-188202,623,3,779
PG-188203,21,8,2453
PG-188204,37,13,3088
PG-188951,202,8,3381
PG-188952,3,7,4707
PG-188953,576,4,3864
PG-188954,58,9,1988
PG-88201,1443,1,459
PG-88202,31,5,1387
PG-88951,300,3,482
PG-88952,939,3,1500
PH-187901,58,9,3975
PH-187902,798,1,408
PH-187903,122,8,4322
PH-187904,71,1,730
PH-87901,115,4,177
PH-87902,185,4,1570
PJ-188351,104,3,2704
PJ-188352,115,3,8509
PJ-188353,51,5,1208
PJ-188354,40,8,1220
PJ-190151,20,4,1779
PJ-190152,43,5,3278
PJ-190153,84,6,2352
PJ-190154,135,7,1823
PJ-88351,301,3,581
PJ-88352,43,3,220
PJ-90151,516,2,623
PJ-90152,197,6,5990
PK-189101,210,4,1397
PK-189102,426,2,802
PK-189103,99,8,3644
PK-189104,484,2,1441
PK-190751,176,5,3098
PK-190752,37,6,4270
PK-190753,9,6,1651
PK-190754,10,12,8646
PK-89101,122,4,948
PK-90751,495,1,533
PK-90752,548,2,459
PL-189251,50,9,10789
PL-189252,586,3,1899
PL-189253,59,3,1329
PL-189254,16,5,239
PL-89251,360,2,261
PL-89252,50,1,498
PM-189401,735,4,4352
PM-189402,22,7,4564
PM-189403,30,9,2575
PM-189404,387,3,1405
PM-191351,574,4,2796
PM-191352,37,9,1315
PM-191353,13,5,1632
PM-191354,52,4,4115
PM-89401,56,4,863
PM-89402,678,5,587
PM-91351,302,4,746
PM-91352,997,2,684
PN-187751,16,9,5619
PN-187752,108,13,2519
PN-187753,513,3,1765
PN-187754,31,8,1467
PN-87751,214,3,1024
PN-87752,54,2,499
PO-188501,35,8,5125
PO-188502,106,12,7288
PO-188503,13,10,5390
PO-188504,5,11,7475
PO-188651,176,8,2550
PO-188652,64,10,13056
PO-188653,296,10,2952
PO-188654,1,7,2494
PO-191801,211,7,9211
PO-191802,604,4,682
PO-191803,223,4,1967
PO-191804,161,9,4893
PO-191951,219,7,5331
PO-191952,399,3,2524
PO-191953,370,6,1958
PO-191954,87,5,1057
PO-88501,406,2,1076
PO-88502,128,2,358
PO-88651,353,4,2607
PO-88652,941,1,205
PO-88653,1186,1,161
PO-91801,30,3,416
PO-91802,596,2,88
PO-91803,503,4,727
PO-91951,34,4,7799
PO-91952,749,1,27
PO-91953,259,3,403
PP-189551,55,8,8800
PP-189552,370,6,5300
PP-189553,56,6,533
PP-189554,98,10,7254
PP-89551,1065,2,232
PP-89552,15,1,128
PR-188801,110,8,3303
PR-188802,120,9,3897
PR-188803,26,7,4204
PR-188804,37,5,1841
PR-88801,197,2,517
PR-88802,738,1,289
PR-88803,1226,2,279
PS-187601,30,8,3962
PS-187602,191,6,6533
PS-187603,36,8,3252
PS-187604,108,6,2182
PS-189701,28,6,5988
PS-189702,191,12,4672
PS-189703,160,7,6286
PS-189704,70,8,1278
PS-190451,90,7,8178
PS-190452,139,4,7012
PS-190453,21,8,7221
PS-190454,237,7,6842
PS-87601,348,1,531
PS-87602,498,4,1175
PS-89701,923,2,57
PS-89702,125,2,1339
PS-90451,62,3,341
PS-90452,180,4,489
PT-190901,125,6,2798
PT-190902,147,7,2553
PT-190903,7,8,2858
PT-190904,72,4,160
PT-90901,251,1,804
PT-90902,3,4,3881
PV-189851,9,9,2717
PV-189852,22,7,2313
PV-189853,65,7,4636
PV-189854,90,5,2875
PV-89851,145,4,3156
PV-89852,203,2,3235
PW-190301,66,9,1126
PW-190302,8,8,5988
PW-190303,478,4,2237
PW-190304,47,10,3454
PW-192401,404,5,563
PW-192402,2,5,1023
PW-192403,101,7,1677
PW-192404,465,7,3922
PW-90301,58,3,509
PW-90302,561,4,574
PW-92401,62,4,1097
PW-92402,566,3,140
QJ-192551,87,4,6156
QJ-192552,374,3,3314
QJ-192553,115,7,2616
QJ-192554,26,9,6111
QJ-92551,62,2,165
QJ-92552,127,3,223
RA-192851,500,2,3278
RA-192852,47,8,7958
RA-192853,339,5,2964
RA-192854,6,9,2619
RA-198851,336,5,5363
RA-198852,266,7,2886
RA-198853,482,4,3354
RA-198854,44,7,3832
RA-199151,143,6,3895
RA-199152,125,4,4488
RA-199153,28,8,7801
RA-199154,13,9,4794
RA-199451,2,4,726
RA-199452,24,7,4439
RA-199453,84,7,4845
RA-199454,62,5,1686
RA-92851,255,7,2760
RA-92852,498,1,295
RA-92853,363,6,3170
RA-98851,700,1,59
RA-98852,1056,2,154
RA-98853,126,5,291
RA-99151,140,1,201
RA-99152,588,1,219
RA-99451,21,6,1012
RA-99452,213,3,1034
RB-193301,142,8,3794
RB-193302,16,12,8650
RB-193303,44,10,4909
RB-193304,69,2,1008
RB-193601,21,8,10106
RB-193602,76,6,3511
RB-193603,174,5,463
RB-193604,97,6,15117
RB-194351,69,6,4966
RB-194352,131,3,93
RB-194353,61,11,3896
RB-194354,20,8,2663
RB-194651,15,9,7408
RB-194652,114,5,1190
RB-194653,1,10,3867
RB-194654,10,12,4714
RB-195701,164,2,1822
RB-195702,189,10,6788
RB-195703,21,8,1824
RB-195704,26,5,528
RB-196451,151,3,2377
RB-196452,321,6,1580
RB-196453,299,8,1796
RB-196454,649,5,221
RB-197051,134,5,4923
RB-197052,17,3,367
RB-197053,445,4,1930
RB-197054,55,4,2068
RB-197951,114,8,2476
RB-197952,193,5,1486
RB-197953,94,14,9463
RB-197954,33,8,5224
RB-93301,113,5,2079
RB-93302,140,3,2458
RB-93601,531,2,171
RB-93602,94,2,233
RB-94351,217,2,215
RB-94352,485,4,2964
RB-94651,1212,1,418
RB-94652,288,2,3257
RB-95701,941,2,267
RB-95702,447,3,320
RB-96451,476,1,147
RB-96452,240,2,135
RB-97051,183,7,4267
RB-97052,150,1,285
RB-97053,248,4,1464
RB-97951,31,2,68
RB-97952,182,3,188
RC-198251,669,4,778
RC-198252,241,7,4180
RC-198253,119,8,1993
RC-198254,370,6,968
RC-199601,143,5,3140
RC-199602,518,7,2901
RC-199603,23,4,971
RC-199604,111,6,886
RC-98251,742,1,37
RC-99601,113,4,1610
RC-99602,897,1,31
RD-194801,261,2,890
RD-194802,1,7,5552
RD-194803,64,10,5769
RD-194804,73,8,4272
RD-195851,360,7,4320
RD-195852,26,9,8108
RD-195853,41,5,973
RD-195854,181,10,2913
RD-196601,94,7,4068
RD-196602,239,4,5345
RD-196603,273,5,751
RD-196604,115,5,2787
RD-197201,48,6,3843
RD-197202,63,9,5295
RD-197203,555,5,346
RD-197204,22,10,1420
RD-198101,45,10,2147
RD-198102,913,5,1286
RD-198103,107,7,2519
RD-198104,15,8,1137
RD-199001,275,6,6221
RD-199002,498,1,23
RD-199003,33,13,4066
RD-199004,115,9,3134
RD-199301,101,6,3945
RD-199302,1148,2,399
RD-199303,188,10,3982
RD-199304,43,4,971
RD-94801,206,3,609
RD-94802,48,1,91
RD-94803,828,2,363
RD-95851,36,6,4464
RD-95852,111,1,704
RD-96601,28,4,2960
RD-96602,1374,1,175
RD-96603,375,4,258
RD-97201,71,4,2698
RD-97202,59,4,1136
RD-98101,54,5,3021
RD-98102,238,2,192
RD-99001,152,5,280
RD-99002,93,5,4558
RD-99301,162,6,2183
RD-99302,29,5,4339
RE-194051,29,10,7787
RE-194052,129,3,1122
RE-194053,36,7,3116
RE-194054,1099,1,48
RE-194501,24,7,4319
RE-194502,343,4,2495
RE-194503,468,2,2970
RE-194504,303,5,878
RE-94051,72,3,868
RE-94052,435,3,1098
RE-94501,71,5,1411
RE-94502,16,7,4267
RF-193451,121,8,4628
RF-193452,93,5,3029
RF-193453,65,6,2424
RF-193454,391,8,3310
RF-197351,2,8,6855
RF-197352,182,3,1320
RF-197353,23,5,1622
RF-197354,90,7,2342
RF-198401,16,7,2803
RF-198402,20,7,7320
RF-198403,10,9,3972
RF-198404,7,8,947
RF-93451,415,2,688
RF-93452,7,1,13
RF-93453,544,2,2506
RF-97351,119,3,951
RF-98401,1137,1,173
RF-98402,139,5,400
RH-194951,113,8,2452
RH-194952,360,5,4263
RH-194953,25,10,2961
RH-194954,33,5,3622
RH-195101,21,7,1448
RH-195102,161,5,1519
RH-195103,108,7,1654
RH-195104,468,6,6980
RH-195551,73,5,3631
RH-195552,8,9,2999
RH-195553,121,5,1573
RH-195554,520,2,740
RH-196001,185,3,572
RH-196002,49,8,954
RH-196003,7,7,1019
RH-196004,535,3,2086
RH-94951,422,1,2833
RH-94952,97,2,225
RH-95101,701,4,585
RH-95102,967,3,1252
RH-95551,27,5,4477
RH-95552,30,3,4275
RH-96001,517,4,1421
RH-96002,908,1,1826
RH-96003,174,3,92
RK-193001,128,5,3288
RK-193002,309,5,1048
RK-193003,86,13,7683
RK-193004,120,3,1460
RK-93001,65,2,383
RK-93002,29,2,136
RL-196151,463,4,4648
RL-196152,121,4,682
RL-196153,476,7,3303
RL-196154,122,8,6236
RL-96151,266,3,169
RL-96152,268,5,2251
RM-193751,19,8,5197
RM-193752,118,7,5054
RM-193753,280,4,4028
RM-193754,346,6,1453
RM-196751,629,3,898
RM-196752,5,8,3011
RM-196753,35,3,1266
RM-196754,7,5,5978
RM-197501,48,6,2453
RM-197502,210,3,2363
RM-197503,17,9,1560
RM-197504,300,1,98
RM-93751,10,4,709
RM-93752,885,3,1532
RM-96751,37,1,198
RM-96752,107,1,212
RM-96753,142,6,1305
RM-97501,1191,1,53
RM-97502,41,6,876
RO-197801,122,10,12210
RO-197802,301,7,1842
RO-197803,190,5,965
RO-197804,36,7,3816
RO-97801,5,7,2597
RO-97802,1006,2,482
RP-192701,8,11,6542
RP-192702,266,6,5731
RP-192703,301,5,495
RP-192704,497,4,955
RP-193901,16,7,6918
RP-193902,96,6,1082
RP-193903,34,9,2963
RP-193904,34,12,5155
RP-198551,22,5,3516
RP-198552,307,9,4063
RP-198553,423,5,1294
RP-198554,29,8,2169
RP-92701,1130,2,238
RP-92702,287,4,1037
RP-93901,271,5,4862
RP-93902,517,2,1073
RP-98551,463,2,2342
RP-98552,401,4,1226
RR-193151,63,10,7303
RR-193152,182,5,2372
RR-193153,392,4,1472
RR-193154,20,2,615
RR-195251,328,6,3504
RR-195252,13,6,2907
RR-195253,1,9,5293
RR-195254,171,6,3301
RR-93151,825,1,27
RR-93152,233,3,1795
RR-95251,570,2,675
RR-95252,90,5,702
RS-194201,100,7,2441
RS-194202,100,9,5093
RS-194203,484,7,3292
RS-194204,77,5,3221
RS-197651,168,5,3052
RS-197652,44,4,3669
RS-197653,160,8,2702
RS-197654,37,8,4160
RS-198701,191,4,1460
RS-198702,386,7,3208
RS-198703,78,7,2399
RS-198704,20,2,22
RS-94201,34,5,331
RS-94202,849,1,12
RS-94203,1177,1,42
RS-97651,146,4,960
RS-97652,124,2,565
RS-98701,21,4,467
RS-98702,324,4,565
RW-195401,43,8,6351
RW-195402,148,7,4541
RW-195403,44,3,1134
RW-195404,121,7,7400
RW-196301,322,4,3001
RW-196302,252,5,1349
RW-196303,78,8,1798
RW-196304,90,9,3280
RW-196901,237,8,5650
RW-196902,54,6,941
RW-196903,16,6,1113
RW-196904,80,5,3495
RW-95401,27,4,4821
RW-95402,1206,3,878
RW-96301,1154,1,546
RW-96302,400,1,14
RW-96901,1205,2,294
RW-96902,99,6,1103
SA-108301,50,5,505
SA-108302,1192,1,55
SA-108303,11,4,312
SA-208301,216,9,2320
SA-208302,169,3,4398
SA-208303,169,8,4137
SA-208304,64,10,4767
SB-101701,344,2,1321
SB-101702,27,3,329
SB-101851,79,5,935
SB-101852,1100,2,332
SB-102901,192,5,1976
SB-201701,34,7,8934
SB-201702,3,3,1797
SB-201703,629,2,874
SB-201704,202,3,1348
SB-201851,75,3,1844
SB-201852,136,13,6429
SB-201853,125,9,6349
SB-201854,189,6,6411
SB-202901,169,5,5101
SB-202902,42,3,4587
SB-202903,97,7,793
SB-202904,48,7,8057
SC-100201,265,1,48
SC-100202,408,3,428
SC-100501,346,3,1493
SC-100502,43,4,819
SC-100951,226,4,717
SC-100952,612,3,203
SC-102301,195,2,174
SC-102302,1400,1,1619
SC-102601,146,1,633
SC-102602,142,6,2533
SC-103051,428,5,2350
SC-103052,17,2,857
SC-103801,276,2,1446
SC-103802,605,2,110
SC-104401,414,3,1648
SC-104402,93,1,282
SC-105751,374,2,328
SC-106801,506,2,2511
SC-106802,190,2,3835
SC-106951,175,3,1335
SC-106952,427,1,133
SC-107251,322,3,2136
SC-107252,92,4,807
SC-107701,831,1,27
SC-107702,642,1,55
SC-107703,185,5,1953
SC-108001,360,1,62
SC-108002,841,1,27
SC-108451,552,1,613
SC-108452,54,3,754
SC-200201,91,12,4109
SC-200202,9,7,1645
SC-200203,56,10,1462
SC-200204,782,5,3364
SC-200501,100,9,5484
SC-200502,112,5,1982
SC-200503,509,7,4725
SC-200504,41,9,4626
SC-200951,213,6,3523
SC-200952,98,9,7301
SC-200953,76,4,635
SC-200954,350,9,14145
SC-202301,30,10,8083
SC-202302,17,8,5550
SC-202303,652,3,2329
SC-202304,150,4,4374
SC-202601,64,9,2826
SC-202602,745,3,1608
SC-202603,1,6,1205
SC-202604,188,8,3732
SC-203051,87,6,9218
SC-203052,64,9,3511
SC-203053,498,4,991
SC-203054,30,7,3980
SC-203801,64,12,6626
SC-203802,87,9,1512
SC-203803,210,7,1990
SC-203804,31,9,5994
SC-204401,204,7,332
SC-204402,126,3,631
SC-204403,10,8,4842
SC-204404,37,7,1875
SC-205751,119,9,2009
SC-205752,79,9,3210
SC-205753,28,10,3563
SC-205754,93,5,902
SC-206801,80,9,8915
SC-206802,22,9,1673
SC-206803,36,7,1634
SC-206804,127,6,1255
SC-206951,90,12,10871
SC-206952,503,6,3888
SC-206953,10,7,4596
SC-206954,90,10,2578
SC-207251,100,2,61
SC-207252,13,10,5473
SC-207253,8,7,3215
SC-207254,188,11,5226
SC-207701,197,10,5029
SC-207702,104,6,1797
SC-207703,41,9,3174
SC-207704,42,7,4494
SC-208001,204,6,6147
SC-208002,31,10,4487
SC-208003,203,4,408
SC-208004,31,4,278
SC-208451,45,5,2987
SC-208452,37,5,3289
SC-208453,9,12,3341
SC-208454,132,2,281
SD-104851,41,5,1115
SD-104852,407,3,43
SD-204851,19,9,3462
SD-204852,16,10,3888
SD-204853,128,4,3330
SD-204854,201,9,6121
SE-101101,926,1,271
SE-101102,79,2,342
SE-201101,344,7,2606
SE-201102,35,11,9380
SE-201103,156,7,5335
SE-201104,10,11,12209
SF-100651,230,4,585
SF-100652,406,4,3276
SF-102001,142,5,1049
SF-102002,659,3,1587
SF-109651,579,3,868
SF-109652,181,3,1608
SF-200651,59,5,1574
SF-200652,664,6,4024
SF-200653,63,3,1036
SF-200654,60,7,764
SF-202001,430,8,4096
SF-202002,6,6,3100
SF-202003,115,5,2380
SF-202004,60,9,3424
SF-209651,79,3,988
SF-209652,90,3,888
SF-209653,257,2,1567
SF-209654,49,9,3338
SG-100801,780,2,788
SG-100802,644,1,56
SG-100803,370,3,235
SG-104701,419,1,666
SG-104702,129,2,2420
SG-106051,437,3,968
SG-106052,234,3,1849
SG-108901,401,3,459
SG-108902,666,3,965
SG-200801,37,6,3290
SG-200802,69,3,1412
SG-200803,4,5,2666
SG-200804,9,3,3406
SG-204701,321,6,2933
SG-204702,92,6,1665
SG-204703,91,8,4249
SG-204704,184,8,1885
SG-206051,84,10,2654
SG-206052,171,7,1134
SG-206053,76,9,3217
SG-206054,109,6,3126
SG-208901,153,8,4544
SG-208902,48,5,3806
SG-208903,17,6,2863
SG-208904,227,3,49
SH-103951,64,2,52
SH-103952,192,1,67
SH-103953,803,1,10
SH-106351,159,4,658
SH-199751,26,7,3622
SH-199752,104,4,1390
SH-199753,145,5,2474
SH-199754,30,13,3408
SH-203951,136,10,4092
SH-203952,131,8,3278
SH-203953,40,5,3300
SH-203954,24,10,2180
SH-206351,133,6,3327
SH-206352,31,8,6349
SH-206353,33,9,1775
SH-206354,766,2,2096
SH-99751,65,2,520
SH-99752,107,6,7537
SJ-101251,393,2,1050
SJ-101252,512,1,23
SJ-101253,295,6,1887
SJ-102151,338,2,61
SJ-102152,937,1,22
SJ-102153,57,6,1276
SJ-105001,275,3,454
SJ-201251,140,4,425
SJ-201252,33,9,3292
SJ-201253,210,5,2515
SJ-201254,96,12,3630
SJ-202151,188,9,3535
SJ-202152,29,8,4555
SJ-202153,83,9,5280
SJ-202154,30,6,1341
SJ-205001,176,8,3030
SJ-205002,579,7,5012
SJ-205003,408,6,3308
SJ-205004,254,5,1319
SK-199901,139,4,1776
SK-199902,38,4,2838
SK-199903,118,8,5435
SK-199904,9,3,884
SK-99901,353,3,1032
SK-99902,31,4,1327
SL-101551,167,7,1516
SL-101552,756,1,28
SL-101553,167,6,906
SL-201551,113,5,3808
SL-201552,30,9,3701
SL-201553,68,11,3815
SL-201554,71,7,3053
SM-100051,105,3,4068
SM-100052,118,5,2194
SM-103201,77,4,3993
SM-103202,157,3,53
SM-109051,133,4,1576
SM-109052,983,1,136
SM-109501,126,2,114
SM-109502,105,7,1223
SM-200051,148,6,949
SM-200052,232,7,2741
SM-200053,240,5,2868
SM-200054,422,4,243
SM-203201,22,4,1002
SM-203202,55,7,3279
SM-203203,534,5,1801
SM-203204,80,5,25042
SM-209051,38,7,3483
SM-209052,252,7,2184
SM-209053,374,2,211
SM-209054,607,1,1044
SM-209501,34,4,1585
SM-209502,122,6,1437
SM-209503,79,7,2966
SM-209504,26,12,5563
SN-105601,381,2,729
SN-105602,1413,1,441
SN-105603,14,3,312
SN-107101,253,2,192
SN-107102,377,2,510
SN-205601,84,6,6795
SN-205602,72,6,2103
SN-205603,76,7,1984
SN-205604,112,6,1861
SN-207101,805,4,3474
SN-207102,127,6,4389
SN-207103,45,7,1711
SN-207104,80,7,3128
SO-103351,1217,1,130
SO-103352,401,3,701
SO-203351,191,7,6035
SO-203352,416,6,4031
SO-203353,65,8,2866
SO-203354,30,6,2603
SP-105451,19,4,419
SP-106201,140,2,77
SP-106202,304,3,223
SP-106501,398,3,431
SP-106502,170,3,342
SP-108601,399,2,503
SP-109201,212,2,165
SP-109202,108,2,731
SP-205451,57,6,3130
SP-205452,28,3,1034
SP-205453,17,5,1332
SP-205454,328,6,1306
SP-206201,6,8,9224
SP-206202,58,7,3492
SP-206203,42,7,959
SP-206204,48,9,5443
SP-206501,28,6,4536
SP-206502,21,3,1468
SP-206503,57,6,2501
SP-206504,387,9,1873
SP-208601,55,2,246
SP-208602,97,6,4911
SP-208603,206,8,3553
SP-208604,80,10,4283
SP-209201,393,4,5702
SP-209202,307,12,16566
SP-209203,7,6,1866
SP-209204,71,6,3990
SR-104251,314,3,122
SR-104252,45,1,107
SR-104253,48,1,52
SR-107401,97,2,158
SR-107402,22,2,1996
SR-204251,126,5,2027
SR-204252,106,6,6126
SR-204253,35,3,1337
SR-204254,9,5,3234
SR-207401,94,9,4573
SR-207402,24,8,5845
SR-207403,124,8,2373
SR-207404,197,8,4345
SS-101401,30,3,169
SS-101402,181,1,7
SS-101403,342,3,3316
SS-104101,400,2,222
SS-104102,375,1,1799
SS-104103,27,7,329
SS-105151,778,1,373
SS-105152,675,2,51
SS-105901,29,2,884
SS-105902,1238,1,56
SS-108751,251,2,489
SS-108752,864,2,67
SS-201401,72,11,6973
SS-201402,132,5,5653
SS-201403,87,8,6190
SS-201404,16,8,1324
SS-204101,397,6,2462
SS-204102,371,5,7809
SS-204103,34,10,2430
SS-204104,111,6,3056
SS-205151,106,5,2070
SS-205152,1,6,2889
SS-205153,106,5,1907
SS-205154,492,3,523
SS-205901,6,10,4218
SS-205902,150,5,4726
SS-205903,393,5,2816
SS-205904,433,6,418
SS-208751,93,6,1769
SS-208752,15,5,481
SS-208753,166,5,1559
SS-208754,121,5,966
ST-105301,96,4,777
ST-105302,127,2,166
ST-205301,34,5,4887
ST-205302,7,10,1308
ST-205303,134,10,7436
ST-205304,126,7,432
SU-106651,49,3,1766
SU-106652,174,3,1568
SU-206651,5,5,2131
SU-206652,72,5,1111
SU-206653,35,6,1607
SU-206654,21,7,2596
SV-103651,864,1,761
SV-103652,184,4,496
SV-107851,22,3,2833
SV-107852,30,4,137
SV-108151,118,2,858
SV-108152,9,1,4009
SV-108153,253,6,2863
SV-109351,828,2,172
SV-109352,12,1,315
SV-203651,88,11,6624
SV-203652,182,3,2750
SV-203653,191,7,1537
SV-203654,102,10,11472
SV-207851,92,7,4873
SV-207852,86,6,3875
SV-207853,23,5,1408
SV-207854,321,9,4106
SV-208151,69,7,8359
SV-208152,42,4,2319
SV-208153,35,9,2629
SV-208154,77,4,1271
SV-209351,17,10,8174
SV-209352,1,5,2719
SV-209353,227,5,2406
SV-209354,3,8,1903
SW-102451,23,2,1420
SW-102452,239,2,482
SW-102751,50,1,165
SW-102752,85,1,1025
SW-102753,59,3,290
SW-103501,101,4,743
SW-103502,107,5,501
SW-104551,517,5,1379
SW-104552,8,4,827
SW-107551,44,3,610
SW-107552,71,1,779
SW-107553,55,3,958
SW-202451,119,6,6028
SW-202452,13,7,5017
SW-202453,34,6,1447
SW-202454,82,7,1085
SW-202751,154,11,5470
SW-202752,93,5,3081
SW-202753,22,11,5047
SW-202754,31,6,1966
SW-203501,69,6,3791
SW-203502,13,8,1472
SW-203503,240,4,642
SW-203504,163,3,1019
SW-204551,66,5,1665
SW-204552,8,7,1253
SW-204553,185,2,195
SW-204554,163,7,2922
SW-207551,75,8,10187
SW-207552,16,9,5693
SW-207553,146,12,6683
SW-207554,535,2,759
SZ-100351,957,1,409
SZ-100352,1191,3,756
SZ-200351,14,11,7512
SZ-200352,126,1,57
SZ-200353,101,14,3999
SZ-200354,36,11,3628
TA-113851,9,3,2226
TA-113852,853,2,2594
TA-213851,19,6,9717
TA-213852,27,9,6160
TA-213853,98,6,5196
TA-213854,70,4,14596
TB-110551,857,1,193
TB-110552,325,2,2163
TB-111751,217,1,528
TB-111752,377,3,323
TB-111901,392,2,424
TB-111902,115,2,691
TB-112501,2,5,1957
TB-112502,9,10,5314
TB-112801,870,2,710
TB-112802,289,2,448
TB-112803,157,5,415
TB-113551,15,5,311
TB-113552,453,3,128
TB-114001,912,2,1761
TB-114002,112,7,1343
TB-115201,81,4,2540
TB-115202,19,7,1451
TB-115951,297,1,38
TB-115952,163,3,712
TB-116251,954,2,956
TB-116252,399,3,854
TB-210551,78,8,5246
TB-210552,36,6,5061
TB-210553,320,10,1897
TB-210554,120,5,1470
TB-211751,46,7,2603
TB-211752,86,6,4662
TB-211753,40,10,5722
TB-211754,59,4,3589
TB-211901,143,5,8577
TB-211902,542,4,591
TB-211903,99,4,706
TB-211904,50,4,816
TB-212501,3,4,730
TB-212502,8,9,4188
TB-212503,81,8,5311
TB-212504,350,7,1603
TB-212801,218,4,795
TB-212802,356,4,1166
TB-212803,58,12,5967
TB-212804,584,6,2198
TB-213551,241,3,2568
TB-213552,215,2,792
TB-213553,55,10,5014
TB-213554,147,5,834
TB-214001,26,7,9033
TB-214002,582,3,1587
TB-214003,210,9,1622
TB-214004,203,7,9134
TB-215201,84,12,6371
TB-215202,113,8,2119
TB-215203,31,5,3486
TB-215204,108,9,4737
TB-215951,50,9,2963
TB-215952,433,5,1526
TB-215953,29,7,2561
TB-215954,286,5,1387
TB-216251,42,10,4197
TB-216252,243,6,3478
TB-216253,73,6,2795
TB-216254,31,9,2798
TC-109801,337,2,587
TC-109802,48,6,2650
TC-111451,149,3,417
TC-111452,13,7,3384
TC-112951,13,3,156
TC-112952,499,1,569
TC-112953,367,1,6
TC-114751,205,2,448
TC-114752,728,1,822
TC-114753,409,6,639
TC-115351,491,3,1810
TC-115352,371,1,405
TC-209801,28,7,3839
TC-209802,128,7,5835
TC-209803,143,9,5492
TC-209804,400,5,19050
TC-211451,12,11,8279
TC-211452,51,4,907
TC-211453,57,9,8194
TC-211454,107,1,1038
TC-212951,147,6,4451
TC-212952,63,10,8818
TC-212953,30,5,1860
TC-212954,28,8,4266
TC-214751,64,9,4533
TC-214752,2,4,3117
TC-214753,10,7,1776
TC-214754,154,9,1245
TC-215351,49,7,3241
TC-215352,206,5,1763
TC-215353,1,11,3138
TC-215354,5,7,742
TD-109951,461,1,150
TD-109952,181,1,41
TD-109953,302,1,589
TD-209951,21,6,1774
TD-209952,281,6,2730
TD-209953,1,4,985
TD-209954,38,9,1435
TG-113101,161,1,16
TG-113102,1272,1,128
TG-113103,268,1,571
TG-116401,224,3,469
TG-116402,31,1,1561
TG-116403,41,5,2876
TG-213101,15,9,2762
TG-213102,212,11,4548
TG-213103,42,7,1937
TG-213104,338,5,3059
TG-216401,43,9,2980
TG-216402,6,10,5101
TG-216403,27,10,3822
TG-216404,115,4,2074
TH-111001,254,1,25
TH-111002,416,3,1832
TH-111151,120,4,1761
TH-111152,197,1,44
TH-111153,254,1,65
TH-112351,231,4,1456
TH-112352,380,6,2447
TH-115501,390,3,181
TH-115502,463,1,93
TH-115503,1269,1,11
TH-211001,7,9,3938
TH-211002,55,8,6368
TH-211003,90,5,955
TH-211004,345,5,2423
TH-211151,224,8,6369
TH-211152,108,2,903
TH-211153,44,11,3269
TH-211154,59,4,2942
TH-212351,195,5,2484
TH-212352,9,8,6523
TH-212353,471,5,2870
TH-212354,118,8,1024
TH-215501,455,5,3994
TH-215502,76,4,1610
TH-215503,6,10,2972
TH-215504,73,7,4234
TM-110101,591,2,61
TM-110102,243,1,239
TM-114901,171,2,283
TM-114902,56,6,1779
TM-210101,140,6,2152
TM-210102,65,10,6443
TM-210103,96,3,2611
TM-210104,104,8,2955
TM-214901,98,10,4799
TM-214902,59,9,5474
TM-214903,41,5,2543
TM-214904,131,3,1095
TN-110401,55,2,188
TN-210401,23,7,2186
TN-210402,128,7,1313
TN-210403,188,8,2779
TN-210404,91,7,3129
TP-111301,202,3,748
TP-111302,140,3,513
TP-114151,642,3,605
TP-114152,1402,1,1344
TP-115651,104,2,285
TP-115652,687,3,573
TP-211301,3,10,7533
TP-211302,57,7,4687
TP-211303,22,11,6028
TP-211304,9,9,4456
TP-214151,101,8,2683
TP-214152,119,3,504
TP-214153,49,6,2409
TP-214154,105,5,5329
TP-215651,15,8,2570
TP-215652,139,10,5103
TP-215653,134,8,2821
TP-215654,351,4,1937
TR-113251,398,2,2272
TR-113252,169,2,123
TR-213251,2,7,5454
TR-213252,171,6,1812
TR-213253,253,4,2090
TR-213254,194,5,676
TS-110851,220,3,677
TS-110852,419,1,46
TS-110853,236,4,669
TS-111601,868,1,646
TS-111602,106,4,484
TS-112051,308,1,584
TS-112052,918,2,58
TS-113401,41,1,1173
TS-113402,406,1,163
TS-113403,330,3,296
TS-113701,727,4,329
TS-113702,19,6,4243
TS-114301,119,4,523
TS-114302,150,3,5288
TS-115051,288,3,2116
TS-115052,377,1,8
TS-116101,1324,1,397
TS-116102,176,4,1614
TS-116551,203,1,176
TS-116552,205,5,278
TS-210851,50,3,632
TS-210852,42,5,2743
TS-210853,269,9,2015
TS-210854,358,2,5
TS-211601,495,5,2521
TS-211602,106,6,1037
TS-211603,9,5,1086
TS-211604,505,6,2162
TS-212051,64,11,4519
TS-212052,27,9,1262
TS-212053,120,5,2737
TS-212054,199,7,5370
TS-213401,9,9,5635
TS-213402,71,7,3196
TS-213403,43,10,7195
TS-213404,227,5,974
TS-213701,70,6,3242
TS-213702,267,9,5879
TS-213703,49,6,2191
TS-213704,37,6,11891
TS-214301,49,9,2649
TS-214302,20,5,3018
TS-214303,48,3,1813
TS-214304,173,5,2054
TS-215051,84,10,10964
TS-215052,80,4,3294
TS-215053,100,7,1109
TS-215054,12,6,2243
TS-216101,209,6,8829
TS-216102,21,8,5779
TS-216103,373,9,3140
TS-216104,56,7,2820
TS-216551,356,6,1940
TS-216552,282,8,2910
TS-216553,85,5,1308
TS-216554,239,5,3368
TT-110701,38,2,1572
TT-112201,6,4,1146
TT-112202,292,5,681
TT-112651,95,6,2618
TT-112652,156,3,2433
TT-114601,362,4,189
TT-114602,43,4,1462
TT-210701,15,9,6180
TT-210702,358,9,3223
TT-210703,66,6,1354
TT-210704,32,7,4916
TT-212201,104,5,4625
TT-212202,38,5,4671
TT-212203,232,4,2503
TT-212204,184,8,1429
TT-212651,3,6,1706
TT-212652,477,1,251
TT-212653,2,10,2333
TT-212654,407,3,439
TT-214601,148,6,4064
TT-214602,129,9,6816
TT-214603,62,10,2189
TT-214604,13,7,5365
TW-110251,777,2,125
TW-110252,20,6,198
TW-210251,42,7,3359
TW-210252,187,8,4511
TW-210253,687,5,785
TW-210254,65,7,5278
TZ-114451,660,2,158
TZ-114452,385,2,154
TZ-114453,369,3,434
TZ-115801,49,3,132
TZ-115802,843,2,271
TZ-214451,70,9,4184
TZ-214452,222,4,2565
TZ-214453,9,15,7853
TZ-215801,246,3,545
TZ-215802,288,5,5783
TZ-215803,52,7,2422
TZ-215804,36,4,1707
VB-117451,5,2,386
VB-117452,275,2,397
VB-217451,13,7,4206
VB-217452,387,5,2653
VB-217453,52,3,1097
VB-217454,55,6,2006
VD-116701,36,2,123
VD-116702,1,7,1075
VD-216701,132,6,2844
VD-216702,37,4,2441
VD-216703,58,5,3028
VD-216704,582,6,6444
VF-117151,95,2,543
VF-117152,997,2,59
VF-217151,49,8,3686
VF-217152,107,4,2663
VF-217153,218,7,4802
VF-217154,14,5,847
VG-117901,161,2,266
VG-117902,148,2,120
VG-118051,136,2,85
VG-118052,624,2,1107
VG-217901,151,8,1172
VG-217902,111,5,3430
VG-217903,185,8,4462
VG-217904,155,6,846
VG-218051,97,7,15654
VG-218052,5,5,2410
VG-218053,3,6,4084
VG-218054,287,5,427
VM-116851,14,2,58
VM-116852,464,4,801
VM-118351,813,2,1209
VM-118352,9,1,61
VM-216851,64,11,3213
VM-216852,230,4,4589
VM-216853,33,10,3452
VM-216854,55,7,2454
VM-218351,204,7,851
VM-218352,112,7,1081
VM-218353,1185,1,308
VM-218354,118,5,381
VP-117301,1009,1,129
VP-117302,29,3,304
VP-117601,237,2,152
VP-117602,418,1,1463
VP-217301,41,11,5354
VP-217302,155,7,2182
VP-217303,69,8,3100
VP-217304,31,3,994
VP-217601,77,7,5503
VP-217602,90,7,6643
VP-217603,98,7,1432
VP-217604,76,7,3361
VS-118201,23,3,71
VS-118202,192,4,1066
VS-218201,161,4,6801
VS-218202,236,5,1462
VS-218203,139,2,956
VS-218204,222,4,1057
VT-117001,31,4,241
VT-117002,202,3,1030
VT-217001,89,13,10839
VT-217002,8,8,1496
VT-217003,358,2,4026
VT-217004,1001,2,1736
VW-117751,408,1,925
VW-117752,8,4,328
VW-217751,35,11,6792
VW-217752,7,4,1884
VW-217753,75,5,975
VW-217754,29,10,6135
WB-118501,115,1,30
WB-118502,1310,1,153
WB-218501,24,10,5795
WB-218502,22,8,969
WB-218503,105,9,3780
WB-218504,21,11,6159
XP-118651,667,2,304
XP-118652,161,1,708
XP-218651,131,7,3705
XP-218652,245,4,2114
XP-218653,240,5,2996
XP-218654,44,11,2375
YC-118951,187,3,97
YC-118952,100,1,70
YC-218951,474,4,5606
YC-218952,44,14,8531
YC-218953,876,4,406
YC-218954,5,5,5455
YS-118801,5,2,190
YS-118802,765,4,1138
YS-218801,234,4,3547
YS-218802,198,6,3864
YS-218803,126,8,4573
YS-218804,10,8,6722
ZC-119101,201,1,7
ZC-219101,37,7,7448
ZC-219102,4,11,11576
ZC-219103,55,6,1148
ZC-219104,55,13,8028
ZD-119251,4,3,749
ZD-119252,398,6,1937
ZD-219251,19,5,1889
ZD-219252,2,7,4548
ZD-219253,197,3,1550
ZD-219254,203,5,1494
